============================= test session starts ==============================
platform linux -- Python 3.11.15, pytest-9.0.3, pluggy-1.6.0 -- /home/rpi5/github_runner/_work/_tool/Python/3.11.15/arm64/bin/python3
cachedir: .pytest_cache
PySide6 6.10.3 -- Qt runtime 6.10.3 -- Qt compiled 6.10.3
rootdir: /home/rpi5/github_runner/_work/local_ai_face_recognizer/local_ai_face_recognizer
configfile: pyproject.toml
plugins: timeout-2.4.0, qt-4.5.0, cov-7.1.0
timeout: 120.0s
timeout method: thread
timeout func_only: False
collecting ... collected 1719 items

tests/test_accel.py::TestOnnxProviders::test_cuda_keeps_priority_on_windows PASSED [  0%]
tests/test_accel.py::TestOnnxProviders::test_windows_cpu_only_unchanged PASSED [  0%]
tests/test_accel.py::TestOnnxProviders::test_macos_adds_coreml_before_cpu PASSED [  0%]
tests/test_accel.py::TestOnnxProviders::test_macos_cuda_still_wins PASSED [  0%]
tests/test_accel.py::TestOnnxProviders::test_no_onnxruntime_falls_back_to_cpu PASSED [  0%]
tests/test_accel.py::TestClassify::test_cuda PASSED                      [  0%]
tests/test_accel.py::TestClassify::test_coreml_partial_offload PASSED    [  0%]
tests/test_accel.py::TestClassify::test_cpu_only PASSED                  [  0%]
tests/test_accel.py::TestClassify::test_empty PASSED                     [  0%]
tests/test_accel.py::TestRegistry::test_summary_empty PASSED             [  0%]
tests/test_accel.py::TestRegistry::test_summary_prefers_strongest PASSED [  0%]
tests/test_accel.py::TestRegistry::test_report_onnx_classifies PASSED    [  0%]
tests/test_accel.py::TestRegistry::test_detail_lines PASSED              [  0%]
tests/test_ai_face_detection_service.py::test_detect_images_persists_results PASSED [  0%]
tests/test_ai_face_detection_service.py::test_rerun_replaces_previous_rows PASSED [  0%]
tests/test_ai_face_detection_service.py::test_config_thresholds_are_forwarded_to_detector PASSED [  0%]
tests/test_ai_face_detection_service.py::test_missing_model_reports_error_without_raising PASSED [  0%]
tests/test_ai_face_detection_service.py::test_unreadable_image_is_counted_failed_and_batch_continues PASSED [  1%]
tests/test_ai_face_detection_service.py::test_disabled_config_is_a_noop PASSED [  1%]
tests/test_ai_face_detection_service.py::test_verifier_drops_unconfirmed_low_confidence PASSED [  1%]
tests/test_ai_face_detection_service.py::test_verification_disabled_keeps_all PASSED [  1%]
tests/test_ai_face_detection_service.py::test_without_detection_config_gate_is_skipped PASSED [  1%]
tests/test_ai_face_detection_service.py::test_verifier_keeps_confirmed_low_confidence PASSED [  1%]
tests/test_ai_face_detection_service.py::test_dropped_count_is_recorded_on_stats PASSED [  1%]
tests/test_ai_face_detection_service.py::test_landmark_geometry_flag_reaches_lazy_detector PASSED [  1%]
tests/test_ai_face_detection_service.py::test_classic_face_rows_and_flags_stay_untouched PASSED [  1%]
tests/test_alignment.py::TestSquareCrop::test_output_size_is_exact PASSED [  1%]
tests/test_alignment.py::TestSquareCrop::test_aspect_ratio_preserved_for_tall_box PASSED [  1%]
tests/test_alignment.py::TestSquareCrop::test_box_at_edge_is_padded_not_distorted PASSED [  1%]
tests/test_alignment.py::TestSquareCrop::test_degenerate_box_returns_none PASSED [  1%]
tests/test_alignment.py::TestAlign5pt::test_landmarks_map_to_template PASSED [  1%]
tests/test_alignment.py::TestAlign5pt::test_wrong_landmark_count_returns_none PASSED [  1%]
tests/test_alignment.py::TestMakeFaceCrop::test_legacy_mode_matches_old_behaviour PASSED [  1%]
tests/test_alignment.py::TestMakeFaceCrop::test_aligned_falls_back_to_square_without_landmarks PASSED [  1%]
tests/test_alignment.py::TestMakeFaceCrop::test_aligned_with_landmarks_warps_to_template PASSED [  2%]
tests/test_alignment.py::TestMakeFaceCrop::test_template_unchanged_module_constant PASSED [  2%]
tests/test_app_settings.py::TestAppQsettings::test_returns_ini_backed_settings PASSED [  2%]
tests/test_app_settings.py::TestAppQsettings::test_same_file_on_repeated_calls PASSED [  2%]
tests/test_app_settings.py::TestMigrateLegacySettings::test_no_op_when_new_file_exists PASSED [  2%]
tests/test_app_settings.py::TestMigrateLegacySettings::test_no_op_when_legacy_store_empty PASSED [  2%]
tests/test_app_settings.py::TestMigrateLegacySettings::test_migrates_keys_from_legacy_store PASSED [  2%]
tests/test_app_settings.py::TestMigrateLegacySettings::test_second_call_is_idempotent PASSED [  2%]
tests/test_astro_export_worker.py::TestAstroExportWorker::test_emits_finished_ok PASSED [  2%]
tests/test_astro_export_worker.py::TestAstroExportWorker::test_reports_progress PASSED [  2%]
tests/test_astro_export_worker.py::TestAstroExportWorker::test_node_error_kind PASSED [  2%]
tests/test_astro_export_worker.py::TestAstroExportWorker::test_generic_error_kind PASSED [  2%]
tests/test_audio_level_meter.py::test_level_to_fraction_clamps_and_scales PASSED [  2%]
tests/test_build_release_workflow.py::test_release_artifact_download_inline_python_compiles PASSED [  2%]
tests/test_bulk_reassign.py::test_bulk_move_some_faces PASSED            [  2%]
tests/test_bulk_reassign.py::test_bulk_move_is_atomic_with_missing_target PASSED [  2%]
tests/test_bulk_reassign.py::test_bulk_move_skips_missing_and_already_assigned PASSED [  2%]
tests/test_bulk_reassign.py::test_undo_restores_original_person PASSED   [  3%]
tests/test_bulk_reassign.py::test_undo_recreates_emptied_unknown_cluster PASSED [  3%]
tests/test_cleanup_empty_unknown_persons.py::test_empty_unknown_person_is_deleted PASSED [  3%]
tests/test_cleanup_empty_unknown_persons.py::test_unknown_person_with_a_face_is_kept PASSED [  3%]
tests/test_cleanup_empty_unknown_persons.py::test_protected_unknown_person_is_never_deleted PASSED [  3%]
tests/test_cleanup_empty_unknown_persons.py::test_named_person_without_faces_is_kept PASSED [  3%]
tests/test_cleanup_empty_unknown_persons.py::test_multiple_empty_unknown_persons_all_deleted PASSED [  3%]
tests/test_cleanup_empty_unknown_persons.py::test_cleanup_is_a_noop_when_nothing_empty PASSED [  3%]
tests/test_cleanup_empty_unknown_persons.py::test_reassigning_last_face_cleans_up_source_unknown PASSED [  3%]
tests/test_cluster_panel_lazy.py::test_only_visible_rows_load PASSED     [  3%]
tests/test_cluster_panel_lazy.py::test_widgets_without_loader_are_skipped PASSED [  3%]
tests/test_cluster_panel_merge.py::test_merged_collapses_multi_group_to_one_tile PASSED [  3%]
tests/test_cluster_panel_merge.py::test_expanding_group_splices_members PASSED [  3%]
tests/test_cluster_panel_merge.py::test_unmerged_mode_shows_every_face PASSED [  3%]
tests/test_cluster_panel_merge.py::test_toggle_handler_flips_expansion PASSED [  3%]
tests/test_cluster_panel_smoke.py::test_show_sort_and_merge_roundtrip PASSED [  3%]
tests/test_cluster_panel_sort.py::test_date_ascending_orders_oldest_first_unknown_last PASSED [  3%]
tests/test_cluster_panel_sort.py::test_date_descending_orders_newest_first_unknown_last PASSED [  4%]
tests/test_cluster_panel_sort.py::test_original_order_preserved PASSED   [  4%]
tests/test_cluster_panel_sort.py::test_quality_orders_best_first_unscored_as_usable PASSED [  4%]
tests/test_clustering.py::TestCosineDistance::test_identical_vectors PASSED [  4%]
tests/test_clustering.py::TestCosineDistance::test_orthogonal_vectors PASSED [  4%]
tests/test_clustering.py::TestCosineDistance::test_opposite_vectors PASSED [  4%]
tests/test_clustering.py::TestClusterEmbeddings::test_two_clear_clusters PASSED [  4%]
tests/test_clustering.py::TestClusterEmbeddings::test_empty_input PASSED [  4%]
tests/test_clustering.py::TestClusterEmbeddings::test_single_face_becomes_noise PASSED [  4%]
tests/test_clustering.py::TestClusterEmbeddings::test_same_pair_constraint_merges_clusters PASSED [  4%]
tests/test_clustering.py::TestCentroid::test_centroid_of_identical_vectors PASSED [  4%]
tests/test_clustering.py::TestCentroid::test_centroid_is_unit_length PASSED [  4%]
tests/test_clustering_service.py::TestOrphanCleanup::test_run_removes_orphan_auto_persons PASSED [  4%]
tests/test_clustering_service.py::TestOrphanCleanup::test_run_does_not_orphan_assigned_faces PASSED [  4%]
tests/test_collage_parser.py::TestParseCollageFile::test_returns_collage_data PASSED [  4%]
tests/test_collage_parser.py::TestParseCollageFile::test_cfx_extension_accepted PASSED [  4%]
tests/test_collage_parser.py::TestParseCollageFile::test_collage_uid PASSED [  4%]
tests/test_collage_parser.py::TestParseCollageFile::test_format_parsed PASSED [  5%]
tests/test_collage_parser.py::TestParseCollageFile::test_orientation PASSED [  5%]
tests/test_collage_parser.py::TestParseCollageFile::test_album_title PASSED [  5%]
tests/test_collage_parser.py::TestParseCollageFile::test_album_date PASSED [  5%]
tests/test_collage_parser.py::TestParseCollageFile::test_bg_color PASSED [  5%]
tests/test_collage_parser.py::TestParseCollageFile::test_spacing PASSED  [  5%]
tests/test_collage_parser.py::TestParseCollageFile::test_node_count PASSED [  5%]
tests/test_collage_parser.py::TestParseCollageFile::test_node_geometry PASSED [  5%]
tests/test_collage_parser.py::TestParseCollageFile::test_node_theta_and_scale PASSED [  5%]
tests/test_collage_parser.py::TestParseCollageFile::test_node_theme PASSED [  5%]
tests/test_collage_parser.py::TestParseCollageFile::test_node_uid PASSED [  5%]
tests/test_collage_parser.py::TestParseCollageFile::test_node_src_raw PASSED [  5%]
tests/test_collage_parser.py::TestParseCollageFile::test_missing_src_marked PASSED [  5%]
tests/test_collage_parser.py::TestParseCollageFile::test_source_file_stored PASSED [  5%]
tests/test_collage_parser.py::TestParseCollageFile::test_file_not_found_raises PASSED [  5%]
tests/test_collage_parser.py::TestParsePartialXml::test_partial_xml_recovered PASSED [  5%]
tests/test_collage_parser.py::TestPathResolution::test_drive_prefix_stripped PASSED [  5%]
tests/test_collage_parser.py::TestPathResolution::test_lowercase_drive PASSED [  5%]
tests/test_collage_parser.py::TestPathResolution::test_no_drive_prefix PASSED [  6%]
tests/test_collage_parser.py::TestPathResolution::test_resolve_existing_file_relative_to_collage PASSED [  6%]
tests/test_collage_parser.py::TestPathResolution::test_resolve_by_filename_fallback PASSED [  6%]
tests/test_collage_parser.py::TestPathResolution::test_returns_none_if_not_found PASSED [  6%]
tests/test_collage_parser.py::TestProjectFaceToCollage::test_full_canvas_no_zoom_face_center PASSED [  6%]
tests/test_collage_parser.py::TestProjectFaceToCollage::test_node_in_top_left_quarter PASSED [  6%]
tests/test_collage_parser.py::TestProjectFaceToCollage::test_zoom_clips_face_outside_view PASSED [  6%]
tests/test_collage_parser.py::TestProjectFaceToCollage::test_zoom_100_square_full_image PASSED [  6%]
tests/test_collage_parser.py::TestProjectFaceToCollage::test_returns_none_for_zero_dimensions PASSED [  6%]
tests/test_collage_parser.py::TestProjectFaceToCollage::test_returns_none_for_zero_image PASSED [  6%]
tests/test_collage_parser.py::TestProjectFaceToCollage::test_pixel_bbox_helper PASSED [  6%]
tests/test_collage_parser.py::TestProjectFaceToCollage::test_wide_image_cover_scale PASSED [  6%]
tests/test_collage_service.py::test_import_collage_persists_nodes PASSED [  6%]
tests/test_collage_service.py::test_import_collage_returns_existing_without_overwrite PASSED [  6%]
tests/test_collage_service.py::test_import_collage_overwrite_reimports PASSED [  6%]
tests/test_collage_service.py::test_import_collage_links_existing_images PASSED [  6%]
tests/test_collage_service.py::test_list_and_get_collages PASSED         [  6%]
tests/test_collage_service.py::test_get_nodes_and_update_metadata PASSED [  7%]
tests/test_collage_service.py::test_update_node_metadata_missing_raises PASSED [  7%]
tests/test_collage_service.py::test_relink_images_after_scan PASSED      [  7%]
tests/test_collage_service.py::test_relink_images_missing_collage_raises PASSED [  7%]
tests/test_collage_service.py::test_get_faces_for_node_and_projected_faces PASSED [  7%]
tests/test_collage_service.py::test_render_collage_image_returns_canvas PASSED [  7%]
tests/test_collage_service.py::test_render_collage_image_with_source_file PASSED [  7%]
tests/test_collage_service.py::test_export_annotated_collage_writes_files PASSED [  7%]
tests/test_config.py::test_false_positive_gate_keys_load PASSED          [  7%]
tests/test_config.py::test_multistage_and_verify_all_keys_round_trip PASSED [  7%]
tests/test_config.py::test_multistage_defaults PASSED                    [  7%]
tests/test_config.py::test_false_positive_gate_defaults PASSED           [  7%]
tests/test_config.py::test_load_config_resolves_relative_paths_against_config_location PASSED [  7%]
tests/test_config.py::test_frozen_bundle_defaults_use_user_data_dir PASSED [  7%]
tests/test_coral_detector.py::TestPureHelpers::test_find_edgetpu_lib_returns_string PASSED [  7%]
tests/test_coral_detector.py::TestPureHelpers::test_set_input_expands_batch_dim PASSED [  7%]
tests/test_coral_detector.py::TestPureHelpers::test_get_detections_parses_ssd_output PASSED [  7%]
tests/test_coral_detector.py::TestPureHelpers::test_get_detections_filters_low_scores PASSED [  8%]
tests/test_coral_detector.py::TestCoralDetectorLive::test_detect_on_blank_image SKIPPED [  8%]
tests/test_coral_detector.py::TestCoralDetectorLive::test_missing_model_raises SKIPPED [  8%]
tests/test_database.py::TestImageModel::test_create_and_retrieve PASSED  [  8%]
tests/test_database.py::TestImageModel::test_unique_file_path PASSED     [  8%]
tests/test_database.py::TestFaceEmbedding::test_embedding_roundtrip PASSED [  8%]
tests/test_database.py::TestFaceEmbedding::test_null_embedding_returns_none PASSED [  8%]
tests/test_database.py::TestPersonModel::test_create_person PASSED       [  8%]
tests/test_database.py::TestPersonModel::test_cascade_delete_faces PASSED [  8%]
tests/test_database_package_service.py::test_export_contains_only_database_and_manifest PASSED [  8%]
tests/test_database_package_service.py::test_export_derives_missing_relative_paths_without_touching_live_db PASSED [  8%]
tests/test_database_package_service.py::test_export_reports_images_outside_the_library_root PASSED [  8%]
tests/test_database_package_service.py::test_validate_rejects_wrong_extension PASSED [  8%]
tests/test_database_package_service.py::test_validate_rejects_archive_without_manifest PASSED [  8%]
tests/test_database_package_service.py::test_validate_accepts_a_real_package PASSED [  8%]
tests/test_database_package_service.py::test_import_rebases_paths_onto_a_different_base_folder PASSED [  8%]
tests/test_database_package_service.py::test_import_counts_files_missing_at_the_rebased_location PASSED [  8%]
tests/test_database_package_service.py::test_import_clears_crop_paths_that_have_no_local_file PASSED [  9%]
tests/test_database_package_service.py::test_import_refuses_a_non_empty_destination PASSED [  9%]
tests/test_database_package_service.py::test_export_import_then_match_reattaches_a_moved_photo PASSED [  9%]
tests/test_database_package_service.py::test_import_rejects_a_traversal_member PASSED [  9%]
tests/test_debug_info.py::TestDecisionToDict::test_serialises_compact_summary PASSED [  9%]
tests/test_debug_info.py::TestDecisionToDict::test_limits_ranked_lists_to_eight PASSED [  9%]
tests/test_debug_info.py::TestComputeLayerActivations::test_returns_relu_hidden_layers PASSED [  9%]
tests/test_debug_info.py::TestComputeLayerActivations::test_empty_for_unfitted_mlp PASSED [  9%]
tests/test_debug_info.py::TestComputeLayerActivations::test_empty_for_non_mlp_object PASSED [  9%]
tests/test_debug_info.py::TestComputeDecisionPath::test_traces_winner_through_hidden_layers PASSED [  9%]
tests/test_debug_info.py::TestComputeDecisionPath::test_returns_none_without_activations PASSED [  9%]
tests/test_deep_classifier.py::TestTraining::test_train_produces_ensemble_mode PASSED [  9%]
tests/test_deep_classifier.py::TestTraining::test_empty_dataset_stays_untrained PASSED [  9%]
tests/test_deep_classifier.py::TestTraining::test_single_person_uses_prototype_mode PASSED [  9%]
tests/test_deep_classifier.py::TestTraining::test_progress_callback_fires PASSED [  9%]
tests/test_deep_classifier.py::TestPrediction::test_known_person_is_recognized PASSED [  9%]
tests/test_deep_classifier.py::TestPrediction::test_each_person_maps_to_itself PASSED [  9%]
tests/test_deep_classifier.py::TestPrediction::test_stranger_is_rejected_as_outlier PASSED [ 10%]
tests/test_deep_classifier.py::TestPrediction::test_missing_embedding_is_rejected PASSED [ 10%]
tests/test_deep_classifier.py::TestPrediction::test_zero_vector_is_rejected PASSED [ 10%]
tests/test_deep_classifier.py::TestClassProbabilities::test_distribution_covers_all_people_and_sums_to_one PASSED [ 10%]
tests/test_deep_classifier.py::TestClassProbabilities::test_winner_matches_prediction PASSED [ 10%]
tests/test_deep_classifier.py::TestClassProbabilities::test_untrained_returns_empty PASSED [ 10%]
tests/test_deep_classifier.py::TestClassProbabilities::test_missing_embedding_returns_empty PASSED [ 10%]
tests/test_deep_classifier.py::TestClassProbabilities::test_prototype_mode_returns_empty PASSED [ 10%]
tests/test_deep_classifier.py::TestDecisionPath::test_debug_info_carries_winner_path PASSED [ 10%]
tests/test_deep_classifier.py::TestDecisionPath::test_prototype_mode_has_no_path PASSED [ 10%]
tests/test_deep_classifier.py::TestPersistence::test_save_and_load_roundtrip PASSED [ 10%]
tests/test_deep_classifier.py::TestPersistence::test_load_missing_file_returns_false PASSED [ 10%]
tests/test_deep_classifier.py::TestPersistence::test_load_corrupt_file_returns_false PASSED [ 10%]
tests/test_deep_classifier.py::TestOpenSetSafety::test_sim_floor_never_below_configured_min PASSED [ 10%]
tests/test_deep_classifier.py::TestOpenSetSafety::test_small_cohort_stays_in_prototype_mode PASSED [ 10%]
tests/test_deep_classifier.py::TestOpenSetSafety::test_ambiguous_face_between_two_lookalikes_is_rejected PASSED [ 10%]
tests/test_deep_classifier.py::TestOpenSetSafety::test_imbalanced_tiny_cohort_does_not_avalanche PASSED [ 10%]
tests/test_deep_classifier.py::TestContinualLearning::test_more_examples_increase_confidence PASSED [ 10%]
tests/test_deep_classifier.py::TestContinualLearning::test_fingerprint_changes_with_data PASSED [ 11%]
tests/test_deep_pipeline_worker.py::test_invalid_mode_raises PASSED      [ 11%]
tests/test_deep_pipeline_worker.py::test_valid_modes_construct PASSED    [ 11%]
tests/test_deep_pipeline_worker.py::test_rebuild_reset_deletes_stale_model_file PASSED [ 11%]
tests/test_deep_pipeline_worker.py::test_ai_stage_threads_detection_config PASSED [ 11%]
tests/test_deep_pipeline_worker.py::test_rebuild_reset_keeps_human_decisions PASSED [ 11%]
tests/test_deep_recognition_service.py::TestTrainAndRecognize::test_unknown_face_is_assigned_and_logged PASSED [ 11%]
tests/test_deep_recognition_service.py::TestTrainAndRecognize::test_debug_sample_face_reflects_current_model PASSED [ 11%]
tests/test_deep_recognition_service.py::TestTrainAndRecognize::test_debug_sample_face_none_without_model PASSED [ 11%]
tests/test_deep_recognition_service.py::TestTrainAndRecognize::test_assignment_decision_graph_is_lazy PASSED [ 11%]
tests/test_deep_recognition_service.py::TestTrainAndRecognize::test_assignment_records_decision_graph_with_debug PASSED [ 11%]
tests/test_deep_recognition_service.py::TestTrainAndRecognize::test_named_faces_are_never_touched PASSED [ 11%]
tests/test_deep_recognition_service.py::TestTrainAndRecognize::test_stranger_face_stays_unknown PASSED [ 11%]
tests/test_deep_recognition_service.py::TestTrainAndRecognize::test_low_confidence_detection_is_never_assigned PASSED [ 11%]
tests/test_deep_recognition_service.py::TestTrainAndRecognize::test_correction_veto_blocks_reassignment PASSED [ 11%]
tests/test_deep_recognition_service.py::TestTrainAndRecognize::test_unknown_group_face_can_be_promoted PASSED [ 11%]
tests/test_deep_recognition_service.py::TestTrainAndRecognize::test_unchanged_data_reuses_model PASSED [ 11%]
tests/test_deep_recognition_service.py::TestTrainAndRecognize::test_changed_hidden_layers_force_retrain PASSED [ 12%]
tests/test_deep_recognition_service.py::TestReviewActions::test_confirm_marks_face_as_trusted PASSED [ 12%]
tests/test_deep_recognition_service.py::TestReviewActions::test_confirm_assignments_batch_confirms_many PASSED [ 12%]
tests/test_deep_recognition_service.py::TestReviewActions::test_revert_assignments_batch_rejects_many PASSED [ 12%]
tests/test_deep_recognition_service.py::TestReviewActions::test_correct_assignments_batch_moves_many PASSED [ 12%]
tests/test_deep_recognition_service.py::TestReviewActions::test_correct_assignments_to_new_person_batch PASSED [ 12%]
tests/test_deep_recognition_service.py::TestReviewActions::test_correct_moves_face_and_records_corrections PASSED [ 12%]
tests/test_deep_recognition_service.py::TestReviewActions::test_correct_to_new_person PASSED [ 12%]
tests/test_deep_recognition_service.py::TestReviewActions::test_revert_restores_previous_state PASSED [ 12%]
tests/test_deep_recognition_service.py::TestReviewActions::test_revert_all_open_spares_reviewed_rows PASSED [ 12%]
tests/test_deep_recognition_service.py::TestReviewActions::test_list_auto_assignments_returns_dto PASSED [ 12%]
tests/test_deep_recognition_service.py::TestReviewActions::test_force_retrains_even_when_data_unchanged PASSED [ 12%]
tests/test_deep_recognition_service.py::TestReviewActions::test_review_list_survives_train_only_run PASSED [ 12%]
tests/test_deep_recognition_service.py::TestReviewActions::test_stale_assignment_is_hidden PASSED [ 12%]
tests/test_deep_recognition_service.py::TestStaleModelGuards::test_delete_model_removes_file PASSED [ 12%]
tests/test_deep_recognition_service.py::TestStaleModelGuards::test_recognition_skipped_when_all_people_vanished PASSED [ 12%]
tests/test_deep_recognition_service.py::TestStaleModelGuards::test_face_skipped_when_predicted_person_deleted PASSED [ 12%]
tests/test_deoldified_pairing_service.py::TestExtractOriginalStem::test_artistic_suffix PASSED [ 13%]
tests/test_deoldified_pairing_service.py::TestExtractOriginalStem::test_stable_suffix PASSED [ 13%]
tests/test_deoldified_pairing_service.py::TestExtractOriginalStem::test_no_extra_suffix PASSED [ 13%]
tests/test_deoldified_pairing_service.py::TestExtractOriginalStem::test_not_deoldified_returns_none PASSED [ 13%]
tests/test_deoldified_pairing_service.py::TestExtractOriginalStem::test_case_insensitive_upper PASSED [ 13%]
tests/test_deoldified_pairing_service.py::TestExtractOriginalStem::test_case_insensitive_mixed PASSED [ 13%]
tests/test_deoldified_pairing_service.py::TestExtractOriginalStem::test_complex_name_from_requirements PASSED [ 13%]
tests/test_deoldified_pairing_service.py::TestExtractOriginalStem::test_empty_stem_returns_none PASSED [ 13%]
tests/test_deoldified_pairing_service.py::TestExtractOriginalStem::test_stem_with_spaces PASSED [ 13%]
tests/test_deoldified_pairing_service.py::TestExtractOriginalFilename::test_jpg_uppercase_artistic PASSED [ 13%]
tests/test_deoldified_pairing_service.py::TestExtractOriginalFilename::test_jpg_lowercase_stable PASSED [ 13%]
tests/test_deoldified_pairing_service.py::TestExtractOriginalFilename::test_no_extra_suffix PASSED [ 13%]
tests/test_deoldified_pairing_service.py::TestExtractOriginalFilename::test_not_deoldified_returns_none PASSED [ 13%]
tests/test_deoldified_pairing_service.py::TestExtractOriginalFilename::test_complex_name_from_requirements PASSED [ 13%]
tests/test_deoldified_pairing_service.py::TestExtractOriginalFilename::test_valami_stable PASSED [ 13%]
tests/test_deoldified_pairing_service.py::TestExtractOriginalFilename::test_jpeg_extension PASSED [ 13%]
tests/test_deoldified_pairing_service.py::TestExtractOriginalFilename::test_png_extension PASSED [ 13%]
tests/test_deoldified_pairing_service.py::TestExtractOriginalFilename::test_preserves_original_extension_case PASSED [ 14%]
tests/test_deoldified_pairing_service.py::TestIsDeoldifiedPath::test_simple_deoldified_path PASSED [ 14%]
tests/test_deoldified_pairing_service.py::TestIsDeoldifiedPath::test_deoldified_path_with_artistic PASSED [ 14%]
tests/test_deoldified_pairing_service.py::TestIsDeoldifiedPath::test_normal_path_returns_false PASSED [ 14%]
tests/test_deoldified_pairing_service.py::TestIsDeoldifiedPath::test_filename_only_deoldified PASSED [ 14%]
tests/test_deoldified_pairing_service.py::TestIsDeoldifiedPath::test_filename_only_normal PASSED [ 14%]
tests/test_deoldified_pairing_service.py::TestIsDeoldifiedPath::test_case_insensitive PASSED [ 14%]
tests/test_deoldified_pairing_service.py::TestFindOriginalForDeoldified::test_finds_original_exact_extension PASSED [ 14%]
tests/test_deoldified_pairing_service.py::TestFindOriginalForDeoldified::test_finds_original_uppercase_extension_variant PASSED [ 14%]
tests/test_deoldified_pairing_service.py::TestFindOriginalForDeoldified::test_returns_none_when_original_not_in_db PASSED [ 14%]
tests/test_deoldified_pairing_service.py::TestFindOriginalForDeoldified::test_finds_original_in_different_folder PASSED [ 14%]
tests/test_deoldified_pairing_service.py::TestFindOriginalForDeoldified::test_returns_none_for_non_deoldified_image PASSED [ 14%]
tests/test_deoldified_pairing_service.py::TestFindDeoldifiedForOriginal::test_finds_colorized_variant PASSED [ 14%]
tests/test_deoldified_pairing_service.py::TestFindDeoldifiedForOriginal::test_returns_none_when_no_colorized_in_db PASSED [ 14%]
tests/test_deoldified_pairing_service.py::TestFindDeoldifiedForOriginal::test_different_folder_is_matched PASSED [ 14%]
tests/test_deoldified_pairing_service.py::TestFindDeoldifiedForOriginal::test_different_stem_not_matched PASSED [ 14%]
tests/test_deoldified_pairing_service.py::TestPairingWithFaceData::test_original_has_faces_colorized_has_none PASSED [ 14%]
tests/test_deoldified_pairing_service.py::TestSyncPairData::test_copies_faces_and_metadata_into_empty_side PASSED [ 15%]
tests/test_deoldified_pairing_service.py::TestSyncPairData::test_skips_when_both_sides_have_data PASSED [ 15%]
tests/test_deoldified_pairing_service.py::TestSyncPairData::test_skips_when_both_sides_empty PASSED [ 15%]
tests/test_deoldified_pairing_service.py::TestSyncPairData::test_copies_from_color_to_bw_when_bw_empty PASSED [ 15%]
tests/test_deoldified_pairing_service.py::TestSyncPairData::test_metadata_only_counts_as_data PASSED [ 15%]
tests/test_deoldified_pairing_service.py::TestExtractVariantLabel::test_artistic PASSED [ 15%]
tests/test_deoldified_pairing_service.py::TestExtractVariantLabel::test_stable PASSED [ 15%]
tests/test_deoldified_pairing_service.py::TestExtractVariantLabel::test_plain_deoldified PASSED [ 15%]
tests/test_deoldified_pairing_service.py::TestExtractVariantLabel::test_not_deoldified PASSED [ 15%]
tests/test_deoldified_pairing_service.py::TestExtractVariantLabel::test_case_insensitive PASSED [ 15%]
tests/test_deoldified_pairing_service.py::TestFindAllDeoldifiedForOriginal::test_returns_every_variant_sorted_by_label PASSED [ 15%]
tests/test_deoldified_pairing_service.py::TestGetComparisonGroup::test_group_from_original_orders_bw_first PASSED [ 15%]
tests/test_deoldified_pairing_service.py::TestGetComparisonGroup::test_group_from_a_colorized_variant_is_identical PASSED [ 15%]
tests/test_deoldified_pairing_service.py::TestGetComparisonGroup::test_no_group_for_lone_image PASSED [ 15%]
tests/test_detection_service.py::test_detection_service_persists_landmarks PASSED [ 15%]
tests/test_detection_service.py::test_detection_service_uses_face_id_for_crop_naming PASSED [ 15%]
tests/test_detection_service.py::test_redetection_does_not_duplicate_manual_face PASSED [ 15%]
tests/test_detection_service.py::test_adaptive_escalation_rescues_faded_photo PASSED [ 15%]
tests/test_detection_service.py::test_adaptive_escalation_disabled_stays_strict PASSED [ 16%]
tests/test_detection_service.py::test_adaptive_escalation_skipped_when_strict_succeeds PASSED [ 16%]
tests/test_detectors.py::TestDetectionDataclass::test_clamp_within_bounds PASSED [ 16%]
tests/test_detectors.py::TestDetectionDataclass::test_as_tuple PASSED    [ 16%]
tests/test_detectors.py::TestDetectionDataclass::test_x2_y2 PASSED       [ 16%]
tests/test_detectors.py::TestFactoryFallback::test_cpu_fallback_when_no_coral_config PASSED [ 16%]
tests/test_detectors.py::TestFactoryFallback::test_cpu_fallback_when_coral_probe_fails PASSED [ 16%]
tests/test_detectors.py::TestFactoryFallback::test_yunet_preferred_when_available PASSED [ 16%]
tests/test_detectors.py::TestFaceDetectorInterface::test_detect_returns_list PASSED [ 16%]
tests/test_detectors.py::TestFaceDetectorInterface::test_repr PASSED     [ 16%]
tests/test_detectors.py::TestCompositeDetector::test_secondary_adds_non_overlapping_face PASSED [ 16%]
tests/test_detectors.py::TestCompositeDetector::test_collapses_primary_duplicate_via_anchor PASSED [ 16%]
tests/test_detectors.py::TestCompositeDetector::test_secondary_with_center_inside_primary_not_added PASSED [ 16%]
tests/test_detectors.py::TestCompositeDetector::test_get_reaches_member_detector PASSED [ 16%]
tests/test_diagnostics.py::TestTFLiteDiagnostics::test_ok_true_when_active_backend_present PASSED [ 16%]
tests/test_diagnostics.py::TestTFLiteDiagnostics::test_ok_false_without_backend PASSED [ 16%]
tests/test_diagnostics.py::TestCheckTfliteBackend::test_reports_missing_model PASSED [ 16%]
tests/test_diagnostics.py::TestCheckTfliteBackend::test_uses_first_available_backend_for_interpreter PASSED [ 17%]
tests/test_diagnostics.py::TestPrintDiagnostics::test_prints_summary PASSED [ 17%]
tests/test_display_utils.py::TestEnumerateDisplays::test_returns_recording_display_info_list PASSED [ 17%]
tests/test_display_utils.py::TestEnumerateDisplays::test_survives_broken_qgui PASSED [ 17%]
tests/test_display_utils.py::TestActiveWindowBounds::test_returns_geometry_for_top_level_window PASSED [ 17%]
tests/test_display_utils.py::TestActiveWindowBounds::test_none_for_missing_widget PASSED [ 17%]
tests/test_display_utils.py::TestActiveWindowBounds::test_none_on_failure PASSED [ 17%]
tests/test_drive_image_worker.py::TestResolveDriveFileId::test_returns_file_id PASSED [ 17%]
tests/test_drive_image_worker.py::TestResolveDriveFileId::test_missing_record_returns_none PASSED [ 17%]
tests/test_drive_image_worker.py::TestDownload::test_creates_parent_and_downloads PASSED [ 17%]
tests/test_drive_image_worker.py::TestDriveThumbRunnable::test_uses_existing_local_file PASSED [ 17%]
tests/test_drive_image_worker.py::TestDriveThumbRunnable::test_downloads_when_missing PASSED [ 17%]
tests/test_drive_image_worker.py::TestDriveThumbRunnable::test_failed_without_remote_record PASSED [ 17%]
tests/test_drive_image_worker.py::TestDriveFetchRunnable::test_ready_when_already_local PASSED [ 17%]
tests/test_drive_image_worker.py::TestDriveFetchRunnable::test_downloads_and_emits_ready PASSED [ 17%]
tests/test_drive_image_worker.py::TestDriveFetchRunnable::test_silent_failure_suppresses_signal PASSED [ 17%]
tests/test_drive_image_worker.py::TestDriveFetchRunnable::test_non_silent_failure_emits PASSED [ 17%]
tests/test_duplicate_unknown_face_finder.py::test_lists_known_face_overlapping_unknown PASSED [ 18%]
tests/test_duplicate_unknown_face_finder.py::test_small_unknown_nested_in_large_known_is_listed PASSED [ 18%]
tests/test_duplicate_unknown_face_finder.py::test_distant_unknown_is_not_listed PASSED [ 18%]
tests/test_duplicate_unknown_face_finder.py::test_two_known_faces_are_never_listed PASSED [ 18%]
tests/test_duplicate_unknown_face_finder.py::test_two_unknown_faces_are_never_listed PASSED [ 18%]
tests/test_duplicate_unknown_face_finder.py::test_unknown_overlapping_multiple_known_faces_is_listed_once PASSED [ 18%]
tests/test_duplicate_unknown_face_finder.py::test_delete_unknown_faces_deletes_only_still_unknown_records PASSED [ 18%]
tests/test_duplicate_unknown_face_finder.py::test_is_placeholder_name_true[None] PASSED [ 18%]
tests/test_duplicate_unknown_face_finder.py::test_is_placeholder_name_true[] PASSED [ 18%]
tests/test_duplicate_unknown_face_finder.py::test_is_placeholder_name_true[  ] PASSED [ 18%]
tests/test_duplicate_unknown_face_finder.py::test_is_placeholder_name_true[?] PASSED [ 18%]
tests/test_duplicate_unknown_face_finder.py::test_is_placeholder_name_true[??] PASSED [ 18%]
tests/test_duplicate_unknown_face_finder.py::test_is_placeholder_name_true[???] PASSED [ 18%]
tests/test_duplicate_unknown_face_finder.py::test_is_placeholder_name_true[Unknown] PASSED [ 18%]
tests/test_duplicate_unknown_face_finder.py::test_is_placeholder_name_true[unknown] PASSED [ 18%]
tests/test_duplicate_unknown_face_finder.py::test_is_placeholder_name_true[UNKNOWN] PASSED [ 18%]
tests/test_duplicate_unknown_face_finder.py::test_is_placeholder_name_true[Unknown 96] PASSED [ 18%]
tests/test_duplicate_unknown_face_finder.py::test_is_placeholder_name_true[Unknown_96] PASSED [ 19%]
tests/test_duplicate_unknown_face_finder.py::test_is_placeholder_name_true[unknown 1] PASSED [ 19%]
tests/test_duplicate_unknown_face_finder.py::test_is_placeholder_name_true[Unknown_003] PASSED [ 19%]
tests/test_duplicate_unknown_face_finder.py::test_is_placeholder_name_true[Ismeretlen] PASSED [ 19%]
tests/test_duplicate_unknown_face_finder.py::test_is_placeholder_name_true[ismeretlen] PASSED [ 19%]
tests/test_duplicate_unknown_face_finder.py::test_is_placeholder_name_true[Ismeretlen 5] PASSED [ 19%]
tests/test_duplicate_unknown_face_finder.py::test_is_placeholder_name_true[ismeretlen_2] PASSED [ 19%]
tests/test_duplicate_unknown_face_finder.py::test_is_placeholder_name_false[Alice] PASSED [ 19%]
tests/test_duplicate_unknown_face_finder.py::test_is_placeholder_name_false[Bob Smith] PASSED [ 19%]
tests/test_duplicate_unknown_face_finder.py::test_is_placeholder_name_false[Kov\xe1cs B\xe9la] PASSED [ 19%]
tests/test_duplicate_unknown_face_finder.py::test_is_placeholder_name_false[John] PASSED [ 19%]
tests/test_duplicate_unknown_face_finder.py::test_is_placeholder_name_false[Anna-M\xe1ria] PASSED [ 19%]
tests/test_duplicate_unknown_face_finder.py::test_auto_named_person_overlapping_known_is_listed PASSED [ 19%]
tests/test_duplicate_unknown_face_finder.py::test_auto_named_person_can_be_deleted PASSED [ 19%]
tests/test_duplicate_unknown_face_finder.py::test_same_person_overlapping_duplicates_are_listed PASSED [ 19%]
tests/test_duplicate_unknown_face_finder.py::test_same_auto_named_cluster_overlapping_duplicates_are_listed PASSED [ 19%]
tests/test_duplicate_unknown_face_finder.py::test_protected_catch_all_overlaps_are_not_listed PASSED [ 19%]
tests/test_duplicate_unknown_face_finder.py::test_same_person_non_overlapping_not_listed PASSED [ 20%]
tests/test_duplicate_unknown_face_finder.py::test_embedding_same_face_two_unknown_clusters_is_found PASSED [ 20%]
tests/test_duplicate_unknown_face_finder.py::test_embedding_overlapping_different_people_kept PASSED [ 20%]
tests/test_duplicate_unknown_face_finder.py::test_embedding_same_face_no_overlap_kept PASSED [ 20%]
tests/test_duplicate_unknown_face_finder.py::test_embedding_named_face_is_kept_as_reference PASSED [ 20%]
tests/test_embedding_service.py::test_embed_face_single PASSED           [ 20%]
tests/test_embedding_service.py::test_embed_manual_face_makes_face_comparable PASSED [ 20%]
tests/test_embedding_service.py::test_reembed_all_clears_and_recomputes PASSED [ 20%]
tests/test_exif_write.py::test_write_gps_and_date_roundtrip PASSED       [ 20%]
tests/test_exif_write.py::test_gps_and_date_coexist PASSED               [ 20%]
tests/test_exif_write.py::test_write_gps_survives_windows_lock PASSED    [ 20%]
tests/test_exif_write.py::test_write_gps_quality_preserved_no_recompress_blowup PASSED [ 20%]
tests/test_exif_write.py::test_missing_file_returns_false PASSED         [ 20%]
tests/test_export_service.py::test_face_bbox_for_export_clamps_pixel_boxes_to_image_bounds PASSED [ 20%]
tests/test_export_service.py::test_face_bbox_for_export_accepts_normalized_legacy_boxes PASSED [ 20%]
tests/test_export_service.py::test_exif_gps_dms_conversion_handles_direction_refs PASSED [ 20%]
tests/test_export_service.py::test_legacy_export_html_is_removed PASSED  [ 20%]
tests/test_export_service.py::test_export_astro_bundle_structure PASSED  [ 21%]
tests/test_export_service.py::test_export_astro_family_tree_bundle PASSED [ 21%]
tests/test_export_service.py::test_export_astro_compare_group_with_multiple_variants PASSED [ 21%]
tests/test_export_service.py::test_export_astro_no_compare_group_for_lone_image PASSED [ 21%]
tests/test_export_service.py::test_export_astro_faces_use_percentage_boxes PASSED [ 21%]
tests/test_export_service.py::test_export_astro_includes_faceless_images PASSED [ 21%]
tests/test_export_service.py::test_export_astro_writes_map_and_slideshow_parity_pages PASSED [ 21%]
tests/test_export_service.py::test_export_astro_objects_bbox_and_point PASSED [ 21%]
tests/test_export_service.py::test_export_astro_handles_image_with_no_objects PASSED [ 21%]
tests/test_export_service.py::test_export_astro_object_collection_records PASSED [ 21%]
tests/test_export_service.py::test_export_astro_slideshow_carries_objects_and_panel_data PASSED [ 21%]
tests/test_export_service.py::test_export_astro_multiple_occurrences_same_object PASSED [ 21%]
tests/test_export_service.py::test_assemble_update_package_without_csv PASSED [ 21%]
tests/test_export_service.py::test_assemble_update_package_with_allowlist PASSED [ 21%]
tests/test_face_crop_service.py::test_duplicate_crop_paths_are_repaired_per_face_id PASSED [ 21%]
tests/test_face_crop_service.py::test_save_crop_for_face_does_not_reuse_another_face_path PASSED [ 21%]
tests/test_face_crop_service.py::test_legacy_noncanonical_crop_path_is_migrated PASSED [ 21%]
tests/test_face_crop_service.py::test_rapid_reassignments_keep_face_crop_sources_stable PASSED [ 21%]
tests/test_face_date_service.py::test_photo_date_takes_priority PASSED   [ 22%]
tests/test_face_date_service.py::test_falls_back_to_estimated_and_flags_it PASSED [ 22%]
tests/test_face_date_service.py::test_unknown_when_no_source PASSED      [ 22%]
tests/test_face_date_service.py::test_cache_returns_same_value_per_image_id PASSED [ 22%]
tests/test_face_diagnostics_service.py::test_explain_missing_face_returns_none PASSED [ 22%]
tests/test_face_diagnostics_service.py::test_no_embedding_verdict PASSED [ 22%]
tests/test_face_diagnostics_service.py::test_strong_named_match_is_eligible PASSED [ 22%]
tests/test_face_diagnostics_service.py::test_weak_match_left_for_clustering PASSED [ 22%]
tests/test_face_diagnostics_service.py::test_unknown_centroids_are_scored PASSED [ 22%]
tests/test_face_diagnostics_service.py::test_adaptive_threshold_lower_for_small_face PASSED [ 22%]
tests/test_face_geometry_cleanup_service.py::test_plausible_face_is_kept PASSED [ 22%]
tests/test_face_geometry_cleanup_service.py::test_impossible_unassigned_is_droppable PASSED [ 22%]
tests/test_face_geometry_cleanup_service.py::test_impossible_auto_assigned_is_droppable PASSED [ 22%]
tests/test_face_geometry_cleanup_service.py::test_impossible_manual_assignment_is_flagged_not_dropped PASSED [ 22%]
tests/test_face_geometry_cleanup_service.py::test_impossible_legacy_null_source_assignment_is_flagged PASSED [ 22%]
tests/test_face_geometry_cleanup_service.py::test_manual_backend_face_is_never_dropped PASSED [ 22%]
tests/test_face_geometry_cleanup_service.py::test_landmark_less_face_is_not_scanned PASSED [ 22%]
tests/test_face_geometry_cleanup_service.py::test_delete_faces_removes_rows_and_blobs PASSED [ 23%]
tests/test_face_geometry_cleanup_service.py::test_scan_and_delete_convenience PASSED [ 23%]
tests/test_face_grouping_service.py::test_similar_faces_group_together PASSED [ 23%]
tests/test_face_grouping_service.py::test_faces_without_embedding_are_singletons PASSED [ 23%]
tests/test_face_grouping_service.py::test_group_order_is_stable_and_members_keep_order PASSED [ 23%]
tests/test_face_grouping_service.py::test_representative_prefers_higher_quality PASSED [ 23%]
tests/test_face_grouping_service.py::test_threshold_controls_granularity PASSED [ 23%]
tests/test_face_grouping_service.py::test_deoldified_variants_stack_despite_embedding_drift PASSED [ 23%]
tests/test_face_grouping_service.py::test_same_photo_different_people_not_merged_by_pairing PASSED [ 23%]
tests/test_face_grouping_service.py::test_pair_key_matches_browser_pairing PASSED [ 23%]
tests/test_face_metadata_export_service.py::test_payload_known_person PASSED [ 23%]
tests/test_face_metadata_export_service.py::test_payload_excludes_name_when_disabled PASSED [ 23%]
tests/test_face_metadata_export_service.py::test_payload_unknown_person PASSED [ 23%]
tests/test_face_metadata_export_service.py::test_protected_person_treated_as_unknown PASSED [ 23%]
tests/test_face_metadata_export_service.py::test_notes_included_when_enabled PASSED [ 23%]
tests/test_face_metadata_export_service.py::test_notes_excluded_when_disabled PASSED [ 23%]
tests/test_face_metadata_export_service.py::test_empty_face_list_valid_payload PASSED [ 23%]
tests/test_face_metadata_export_service.py::test_export_embeds_exif_comment_and_is_idempotent PASSED [ 24%]
tests/test_face_metadata_export_service.py::test_export_xmp_when_exif_comment_disabled PASSED [ 24%]
tests/test_face_metadata_export_service.py::test_existing_exif_preserved PASSED [ 24%]
tests/test_face_metadata_export_service.py::test_raw_format_falls_back_to_sidecar PASSED [ 24%]
tests/test_face_metadata_export_service.py::test_prefer_sidecar_only_never_touches_image PASSED [ 24%]
tests/test_face_metadata_export_service.py::test_readonly_image_falls_back_to_sidecar PASSED [ 24%]
tests/test_face_metadata_export_service.py::test_missing_image_record_returns_failed PASSED [ 24%]
tests/test_face_metadata_export_service.py::test_missing_file_on_disk_returns_failed PASSED [ 24%]
tests/test_face_metadata_export_service.py::test_batch_summary_counts PASSED [ 24%]
tests/test_face_metadata_export_service.py::test_no_overwrite_skips_when_block_exists PASSED [ 24%]
tests/test_face_metadata_export_service.py::test_windows_lock_on_replace_still_embeds PASSED [ 24%]
tests/test_face_metadata_export_service.py::test_macos_finder_comment_writes_xattr SKIPPED [ 24%]
tests/test_face_metadata_export_service.py::test_png_xmp_roundtrip PASSED [ 24%]
tests/test_face_metadata_export_service.py::test_cancel_stops_before_next_image PASSED [ 24%]
tests/test_face_metadata_export_service.py::test_no_cancel_processes_all PASSED [ 24%]
tests/test_face_metadata_export_worker.py::TestFaceMetadataExportWorker::test_emits_summary_on_success PASSED [ 24%]
tests/test_face_metadata_export_worker.py::TestFaceMetadataExportWorker::test_reports_progress PASSED [ 24%]
tests/test_face_metadata_export_worker.py::TestFaceMetadataExportWorker::test_emits_failed_on_crash PASSED [ 25%]
tests/test_face_metadata_export_worker.py::TestFaceMetadataExportWorker::test_cancel_delegates_to_token PASSED [ 25%]
tests/test_face_quality_service.py::test_evaluate_high_quality_face PASSED [ 25%]
tests/test_face_quality_service.py::test_evaluate_flags_low_confidence PASSED [ 25%]
tests/test_face_quality_service.py::test_evaluate_flags_too_small PASSED [ 25%]
tests/test_face_quality_service.py::test_evaluate_flags_bad_aspect_ratio PASSED [ 25%]
tests/test_face_quality_service.py::test_evaluate_flags_blurry_crop PASSED [ 25%]
tests/test_face_quality_service.py::test_evaluate_and_update_writes_orm_fields PASSED [ 25%]
tests/test_face_quality_service.py::test_laplacian_variance_missing_file_returns_none PASSED [ 25%]
tests/test_face_quality_service.py::test_laplacian_variance_invalid_image_returns_none PASSED [ 25%]
tests/test_face_quality_service.py::test_laplacian_variance_sharp_image PASSED [ 25%]
tests/test_face_quality_service.py::test_batch_evaluate_all_persists_and_reports_progress PASSED [ 25%]
tests/test_face_timeline_view.py::test_empty_when_no_dates PASSED        [ 25%]
tests/test_face_timeline_view.py::test_one_marker_per_dated_group PASSED [ 25%]
tests/test_face_timeline_view.py::test_bounds_use_birth_and_death PASSED [ 25%]
tests/test_face_timeline_view.py::test_bounds_fall_back_to_photo_range PASSED [ 25%]
tests/test_face_timeline_view.py::test_merged_group_marker_has_count_badge PASSED [ 25%]
tests/test_face_verification_service.py::test_verify_rejects_when_no_face_refound PASSED [ 26%]
tests/test_face_verification_service.py::test_verify_confirms_overlapping_face PASSED [ 26%]
tests/test_face_verification_service.py::test_verify_refines_oversized_box PASSED [ 26%]
tests/test_face_verification_service.py::test_verify_adopts_landmarks_for_landmark_less_detection PASSED [ 26%]
tests/test_face_verification_service.py::test_verify_rejects_geometrically_implausible_crop PASSED [ 26%]
tests/test_face_verification_service.py::test_verify_geometry_gate_honours_disable_flag PASSED [ 26%]
tests/test_face_verification_service.py::test_verifier_unavailable_passes_through PASSED [ 26%]
tests/test_face_verification_service.py::test_detection_service_drops_unverified_low_confidence PASSED [ 26%]
tests/test_face_verification_service.py::test_detection_service_keeps_verified_low_confidence PASSED [ 26%]
tests/test_face_verification_service.py::test_detection_service_exempts_high_confidence PASSED [ 26%]
tests/test_face_verification_service.py::test_config_loads_verification_fields PASSED [ 26%]
tests/test_family_code_interpreter.py::TestParseExtendedCode::test_root_person PASSED [ 26%]
tests/test_family_code_interpreter.py::TestParseExtendedCode::test_spouse PASSED [ 26%]
tests/test_family_code_interpreter.py::TestParseExtendedCode::test_child PASSED [ 26%]
tests/test_family_code_interpreter.py::TestParseExtendedCode::test_child_spouse PASSED [ 26%]
tests/test_family_code_interpreter.py::TestParseExtendedCode::test_grandchild PASSED [ 26%]
tests/test_family_code_interpreter.py::TestParseExtendedCode::test_great_grandchild PASSED [ 26%]
tests/test_family_code_interpreter.py::TestParseExtendedCode::test_stepchild_detected PASSED [ 26%]
tests/test_family_code_interpreter.py::TestParseExtendedCode::test_own_child_not_stepchild PASSED [ 27%]
tests/test_family_code_interpreter.py::TestParseExtendedCode::test_ancestor_father PASSED [ 27%]
tests/test_family_code_interpreter.py::TestParseExtendedCode::test_ancestor_mother PASSED [ 27%]
tests/test_family_code_interpreter.py::TestParseExtendedCode::test_ancestor_paternal_grandfather PASSED [ 27%]
tests/test_family_code_interpreter.py::TestParseExtendedCode::test_ancestor_paternal_grandmother PASSED [ 27%]
tests/test_family_code_interpreter.py::TestParseExtendedCode::test_ancestor_maternal_grandfather PASSED [ 27%]
tests/test_family_code_interpreter.py::TestParseExtendedCode::test_ancestor_maternal_grandmother PASSED [ 27%]
tests/test_family_code_interpreter.py::TestParseExtendedCode::test_sibling PASSED [ 27%]
tests/test_family_code_interpreter.py::TestParseExtendedCode::test_sibling_child PASSED [ 27%]
tests/test_family_code_interpreter.py::TestParseExtendedCode::test_sibling_spouse PASSED [ 27%]
tests/test_family_code_interpreter.py::TestParseExtendedCode::test_friend PASSED [ 27%]
tests/test_family_code_interpreter.py::TestParseExtendedCode::test_case_insensitive PASSED [ 27%]
tests/test_family_code_interpreter.py::TestParseExtendedCode::test_invalid_no_path_before_suffix PASSED [ 27%]
tests/test_family_code_interpreter.py::TestParseExtendedCode::test_invalid_b_with_digits_after PASSED [ 27%]
tests/test_family_code_interpreter.py::TestParseExtendedCode::test_invalid_t_with_zero_sibling PASSED [ 27%]
tests/test_family_code_interpreter.py::TestParseExtendedCode::test_invalid_f_with_digit_3 PASSED [ 27%]
tests/test_family_code_interpreter.py::TestParseExtendedCode::test_invalid_child_off_root_marker PASSED [ 27%]
tests/test_family_code_interpreter.py::TestParseExtendedCode::test_invalid_spouse_of_spouse PASSED [ 28%]
tests/test_family_code_interpreter.py::TestParseExtendedCode::test_valid_spouse_of_root PASSED [ 28%]
tests/test_family_code_interpreter.py::TestParseExtendedCode::test_valid_stepchild_via_spouse PASSED [ 28%]
tests/test_family_code_interpreter.py::TestParseExtendedCode::test_invalid_empty PASSED [ 28%]
tests/test_family_code_interpreter.py::TestDescribeBasePaths::test_root_person_cikky PASSED [ 28%]
tests/test_family_code_interpreter.py::TestDescribeBasePaths::test_spouse_of_cikky PASSED [ 28%]
tests/test_family_code_interpreter.py::TestDescribeBasePaths::test_8th_child PASSED [ 28%]
tests/test_family_code_interpreter.py::TestDescribeBasePaths::test_8th_child_spouse PASSED [ 28%]
tests/test_family_code_interpreter.py::TestDescribeBasePaths::test_8th_child_1st_grandchild PASSED [ 28%]
tests/test_family_code_interpreter.py::TestDescribeBasePaths::test_grandchild_spouse PASSED [ 28%]
tests/test_family_code_interpreter.py::TestDescribeBasePaths::test_great_grandchild PASSED [ 28%]
tests/test_family_code_interpreter.py::TestDescribeBasePaths::test_own_child_not_stepchild PASSED [ 28%]
tests/test_family_code_interpreter.py::TestDescribeBasePaths::test_stepchild_annotation PASSED [ 28%]
tests/test_family_code_interpreter.py::TestDescribeAncestors::test_father PASSED [ 28%]
tests/test_family_code_interpreter.py::TestDescribeAncestors::test_mother PASSED [ 28%]
tests/test_family_code_interpreter.py::TestDescribeAncestors::test_paternal_grandfather PASSED [ 28%]
tests/test_family_code_interpreter.py::TestDescribeAncestors::test_paternal_grandmother PASSED [ 28%]
tests/test_family_code_interpreter.py::TestDescribeAncestors::test_maternal_grandfather PASSED [ 29%]
tests/test_family_code_interpreter.py::TestDescribeAncestors::test_maternal_grandmother PASSED [ 29%]
tests/test_family_code_interpreter.py::TestDescribeAncestors::test_spouse_father PASSED [ 29%]
tests/test_family_code_interpreter.py::TestDescribeAncestors::test_spouse_mother PASSED [ 29%]
tests/test_family_code_interpreter.py::TestDescribeAncestors::test_child_spouse_father PASSED [ 29%]
tests/test_family_code_interpreter.py::TestDescribeAncestors::test_grandchild_spouse_mother PASSED [ 29%]
tests/test_family_code_interpreter.py::TestDescribeAncestors::test_deep_ancestor_depth3 PASSED [ 29%]
tests/test_family_code_interpreter.py::TestDescribeAncestors::test_deep_ancestor_depth4 PASSED [ 29%]
tests/test_family_code_interpreter.py::TestDescribeSiblings::test_first_sibling PASSED [ 29%]
tests/test_family_code_interpreter.py::TestDescribeSiblings::test_second_sibling PASSED [ 29%]
tests/test_family_code_interpreter.py::TestDescribeSiblings::test_sibling_spouse PASSED [ 29%]
tests/test_family_code_interpreter.py::TestDescribeSiblings::test_sibling_child PASSED [ 29%]
tests/test_family_code_interpreter.py::TestDescribeFriends::test_single_friend PASSED [ 29%]
tests/test_family_code_interpreter.py::TestDescribeFriends::test_multi_comma PASSED [ 29%]
tests/test_family_code_interpreter.py::TestDescribeFriends::test_multi_space PASSED [ 29%]
tests/test_family_code_interpreter.py::TestDescribeFriends::test_multi_comma_space PASSED [ 29%]
tests/test_family_code_interpreter.py::TestRangeNotation::test_expand_range PASSED [ 29%]
tests/test_family_code_interpreter.py::TestRangeNotation::test_expand_short_range PASSED [ 30%]
tests/test_family_code_interpreter.py::TestRangeNotation::test_expand_backwards_returns_empty PASSED [ 30%]
tests/test_family_code_interpreter.py::TestRangeNotation::test_describe_range PASSED [ 30%]
tests/test_family_code_interpreter.py::TestRangeNotation::test_describe_two_element_range PASSED [ 30%]
tests/test_family_code_interpreter.py::TestRangeNotation::test_describe_single_element_range PASSED [ 30%]
tests/test_family_code_interpreter.py::TestValidateExtendedCode::test_valid_simple_codes PASSED [ 30%]
tests/test_family_code_interpreter.py::TestValidateExtendedCode::test_valid_ancestor_codes PASSED [ 30%]
tests/test_family_code_interpreter.py::TestValidateExtendedCode::test_valid_sibling_codes PASSED [ 30%]
tests/test_family_code_interpreter.py::TestValidateExtendedCode::test_valid_friend_codes PASSED [ 30%]
tests/test_family_code_interpreter.py::TestValidateExtendedCode::test_valid_range PASSED [ 30%]
tests/test_family_code_interpreter.py::TestValidateExtendedCode::test_valid_multi_code PASSED [ 30%]
tests/test_family_code_interpreter.py::TestValidateExtendedCode::test_invalid_b_with_number PASSED [ 30%]
tests/test_family_code_interpreter.py::TestValidateExtendedCode::test_invalid_empty PASSED [ 30%]
tests/test_family_code_interpreter.py::TestValidateExtendedCode::test_lowercase_normalised PASSED [ 30%]
tests/test_family_code_interpreter.py::TestDefaultRootPersons::test_all_four_roots_registered PASSED [ 30%]
tests/test_family_code_interpreter.py::TestDefaultRootPersons::test_cikky PASSED [ 30%]
tests/test_family_code_interpreter.py::TestDefaultRootPersons::test_gabor PASSED [ 30%]
tests/test_family_code_interpreter.py::TestDefaultRootPersons::test_jerne PASSED [ 31%]
tests/test_family_code_interpreter.py::TestDefaultRootPersons::test_ildi PASSED [ 31%]
tests/test_family_code_interpreter.py::TestDefaultRootPersons::test_root_descendant PASSED [ 31%]
tests/test_family_code_interpreter.py::TestDefaultRootPersons::test_root_ancestor PASSED [ 31%]
tests/test_family_code_interpreter.py::TestDefaultRootPersons::test_root_spouse PASSED [ 31%]
tests/test_family_code_interpreter.py::TestCustomRootNames::test_override_root_name PASSED [ 31%]
tests/test_family_code_interpreter.py::TestCustomRootNames::test_unknown_root_shows_letter PASSED [ 31%]
tests/test_family_code_interpreter.py::TestCustomRootNames::test_i_and_j_roots PASSED [ 31%]
tests/test_family_code_interpreter.py::TestMultiSpouseSuffix::test_parse_first_spouse PASSED [ 31%]
tests/test_family_code_interpreter.py::TestMultiSpouseSuffix::test_parse_second_spouse PASSED [ 31%]
tests/test_family_code_interpreter.py::TestMultiSpouseSuffix::test_parse_spouse_brought_child PASSED [ 31%]
tests/test_family_code_interpreter.py::TestMultiSpouseSuffix::test_describe_first_spouse PASSED [ 31%]
tests/test_family_code_interpreter.py::TestMultiSpouseSuffix::test_describe_second_spouse PASSED [ 31%]
tests/test_family_code_interpreter.py::TestMultiSpouseSuffix::test_describe_spouse_brought_child PASSED [ 31%]
tests/test_family_code_interpreter.py::TestMultiSpouseSuffix::test_root_spouse_h PASSED [ 31%]
tests/test_family_code_interpreter.py::TestMultiSpouseSuffix::test_zero_spouse_still_valid PASSED [ 31%]
tests/test_family_code_interpreter.py::TestMultiSpouseSuffix::test_validate_h_codes PASSED [ 31%]
tests/test_family_code_interpreter.py::TestMultiSpouseSuffix::test_invalid_h_zero_spouse_index PASSED [ 31%]
tests/test_family_code_interpreter.py::TestParentBraces::test_parse_brace PASSED [ 32%]
tests/test_family_code_interpreter.py::TestParentBraces::test_parse_brace_first_spouse PASSED [ 32%]
tests/test_family_code_interpreter.py::TestParentBraces::test_describe_brace_second_spouse PASSED [ 32%]
tests/test_family_code_interpreter.py::TestParentBraces::test_describe_brace_first_spouse PASSED [ 32%]
tests/test_family_code_interpreter.py::TestParentBraces::test_brace_canonical_form PASSED [ 32%]
tests/test_family_code_interpreter.py::TestParentBraces::test_brace_must_precede_child PASSED [ 32%]
tests/test_family_code_interpreter.py::TestParentBraces::test_brace_not_before_spouse_zero PASSED [ 32%]
tests/test_family_code_interpreter.py::TestExternalCodes::test_parse_root PASSED [ 32%]
tests/test_family_code_interpreter.py::TestExternalCodes::test_parse_spouse PASSED [ 32%]
tests/test_family_code_interpreter.py::TestExternalCodes::test_parse_child PASSED [ 32%]
tests/test_family_code_interpreter.py::TestExternalCodes::test_parse_grandchild PASSED [ 32%]
tests/test_family_code_interpreter.py::TestExternalCodes::test_root_case_preserved PASSED [ 32%]
tests/test_family_code_interpreter.py::TestExternalCodes::test_numeric_root PASSED [ 32%]
tests/test_family_code_interpreter.py::TestExternalCodes::test_describe_root PASSED [ 32%]
tests/test_family_code_interpreter.py::TestExternalCodes::test_describe_spouse PASSED [ 32%]
tests/test_family_code_interpreter.py::TestExternalCodes::test_describe_child PASSED [ 32%]
tests/test_family_code_interpreter.py::TestExternalCodes::test_describe_grandchild PASSED [ 32%]
tests/test_family_code_interpreter.py::TestExternalCodes::test_describe_short_root PASSED [ 33%]
tests/test_family_code_interpreter.py::TestExternalCodes::test_describe_external_ancestor PASSED [ 33%]
tests/test_family_code_interpreter.py::TestExternalCodes::test_validate_external_field PASSED [ 33%]
tests/test_family_code_interpreter.py::TestExternalCodes::test_validate_external_empty PASSED [ 33%]
tests/test_family_code_interpreter.py::TestExternalCodes::test_validate_external_rejects_internal PASSED [ 33%]
tests/test_family_code_interpreter.py::TestExternalCodes::test_validate_external_rejects_empty_root PASSED [ 33%]
tests/test_family_code_interpreter.py::TestExternalCodes::test_main_field_rejects_external PASSED [ 33%]
tests/test_family_code_schemes.py::test_builtin_scheme_mirrors_legacy_grammar PASSED [ 33%]
tests/test_family_code_schemes.py::test_custom_letters_validate_and_describe PASSED [ 33%]
tests/test_family_code_schemes.py::test_legacy_letters_rejected_under_custom_scheme PASSED [ 33%]
tests/test_family_code_schemes.py::test_unlisted_roots_allowed_when_enabled PASSED [ 33%]
tests/test_family_code_schemes.py::test_disabled_extras_are_rejected PASSED [ 33%]
tests/test_family_code_schemes.py::test_enabled_extras_work_with_custom_letters PASSED [ 33%]
tests/test_family_code_schemes.py::test_disabled_marker_means_letter_is_invalid PASSED [ 33%]
tests/test_family_code_schemes.py::test_active_scheme_drives_default_validation PASSED [ 33%]
tests/test_family_code_schemes.py::test_code_is_relational_marker PASSED [ 33%]
tests/test_family_code_schemes.py::test_code_is_relational_marker_custom_letters PASSED [ 33%]
tests/test_family_code_schemes.py::test_scheme_problems_detects_mistakes PASSED [ 34%]
tests/test_family_code_schemes.py::test_scheme_example_codes_use_scheme_letters PASSED [ 34%]
tests/test_family_code_schemes.py::test_store_save_list_get_delete PASSED [ 34%]
tests/test_family_code_schemes.py::test_store_rejects_builtin_mutation PASSED [ 34%]
tests/test_family_code_schemes.py::test_store_duplicate_creates_editable_copy PASSED [ 34%]
tests/test_family_code_schemes.py::test_store_active_scheme_persistence PASSED [ 34%]
tests/test_family_code_schemes.py::test_load_active_falls_back_when_file_missing PASSED [ 34%]
tests/test_family_code_schemes.py::test_store_export_import_roundtrip PASSED [ 34%]
tests/test_family_code_schemes.py::test_import_rejects_foreign_json PASSED [ 34%]
tests/test_family_code_schemes.py::test_person_dialog_valid_code_is_canonicalised PASSED [ 34%]
tests/test_family_code_schemes.py::test_person_dialog_invalid_code_saved_with_inline_marker PASSED [ 34%]
tests/test_family_code_schemes.py::test_person_dialog_marker_toggles_live PASSED [ 34%]
tests/test_family_code_schemes.py::test_person_dialog_flags_preexisting_invalid_code PASSED [ 34%]
tests/test_family_code_schemes.py::test_person_dialog_help_follows_active_scheme PASSED [ 34%]
tests/test_family_code_schemes.py::test_scheme_dialog_smoke PASSED       [ 34%]
tests/test_family_code_service.py::test_empty_family_code_is_accepted PASSED [ 34%]
tests/test_family_code_service.py::test_family_code_examples_are_parsed PASSED [ 34%]
tests/test_family_code_service.py::test_invalid_family_code_is_rejected PASSED [ 35%]
tests/test_family_code_service.py::test_spec_defined_simple_codes_are_accepted PASSED [ 35%]
tests/test_family_code_service.py::test_range_friend_code_is_valid PASSED [ 35%]
tests/test_family_code_service.py::test_extended_family_codes_are_accepted PASSED [ 35%]
tests/test_family_code_service.py::test_invalid_extended_family_codes_are_rejected PASSED [ 35%]
tests/test_family_code_service.py::test_extended_codes_have_no_simple_tree_derivation PASSED [ 35%]
tests/test_family_code_service.py::test_duplicate_family_code_is_allowed_at_db_level PASSED [ 35%]
tests/test_family_code_service.py::test_service_reports_duplicate_family_code PASSED [ 35%]
tests/test_family_code_service.py::test_friend_codes_are_not_unique PASSED [ 35%]
tests/test_family_code_service.py::test_friend_codes_can_be_duplicated_at_db_level PASSED [ 35%]
tests/test_family_code_service.py::test_identity_codes_not_unique_at_db_level_but_service_warns PASSED [ 35%]
tests/test_family_code_service.py::test_migration_converts_legacy_unconditional_unique_index PASSED [ 35%]
tests/test_family_code_service.py::test_identity_codes_remain_unique PASSED [ 35%]
tests/test_family_code_service.py::test_family_code_relationships_are_derived PASSED [ 35%]
tests/test_family_code_service.py::test_legacy_persons_without_family_code_survive_migration PASSED [ 35%]
tests/test_family_code_suggest.py::test_first_spouse_uses_zero_suffix PASSED [ 35%]
tests/test_family_code_suggest.py::test_further_marriages_are_numbered PASSED [ 35%]
tests/test_family_code_suggest.py::test_spouse_of_a_spouse_record_is_none PASSED [ 36%]
tests/test_family_code_suggest.py::test_child_uses_next_free_digit PASSED [ 36%]
tests/test_family_code_suggest.py::test_child_of_spouse_resolves_to_base PASSED [ 36%]
tests/test_family_code_suggest.py::test_child_of_numbered_spouse_is_braced PASSED [ 36%]
tests/test_family_code_suggest.py::test_parent_code_is_derived PASSED    [ 36%]
tests/test_family_code_suggest.py::test_no_code_yields_no_suggestion PASSED [ 36%]
tests/test_family_code_suggest.py::test_suggesters_follow_active_scheme PASSED [ 36%]
tests/test_family_code_suggest.py::test_add_spouse_with_marriage_period PASSED [ 36%]
tests/test_family_code_suggest.py::test_set_marriage_period_updates_existing PASSED [ 36%]
tests/test_family_code_suggest.py::test_regenerate_links_from_codes PASSED [ 36%]
tests/test_family_service.py::test_spouse_is_canonical_and_not_duplicated PASSED [ 36%]
tests/test_family_service.py::test_parent_child_validation_and_sibling_derivation PASSED [ 36%]
tests/test_family_service.py::test_search_images_for_two_people_modes PASSED [ 36%]
tests/test_family_service.py::test_relationship_filter_blocks_unmatched_pairs PASSED [ 36%]
tests/test_family_service.py::test_search_images_by_comma_name_terms_and_allow_others PASSED [ 36%]
tests/test_family_service.py::test_parse_braced_child_derives_both_parents PASSED [ 36%]
tests/test_family_service.py::test_parse_numbered_spouse_is_spouse_of_base PASSED [ 36%]
tests/test_family_service.py::test_short_child_form_has_no_second_parent PASSED [ 36%]
tests/test_family_service.py::test_link_derived_parents_braced_child PASSED [ 37%]
tests/test_family_service.py::test_link_derived_parents_numbered_spouse PASSED [ 37%]
tests/test_family_service.py::test_link_skips_missing_second_parent PASSED [ 37%]
tests/test_family_service.py::test_is_parent_child_derives_second_parent_without_rows PASSED [ 37%]
tests/test_family_service.py::test_update_person_auto_links_parents PASSED [ 37%]
tests/test_family_service.py::test_search_images_by_criteria_detail_filters PASSED [ 37%]
tests/test_family_tree_panel.py::test_panel_renders_hierarchy PASSED     [ 37%]
tests/test_family_tree_panel.py::test_panel_non_member_filter PASSED     [ 37%]
tests/test_family_tree_panel.py::test_editor_lists_relationships PASSED  [ 37%]
tests/test_family_tree_panel.py::test_editor_remove_relationship PASSED  [ 37%]
tests/test_family_tree_panel.py::test_editor_member_toggle PASSED        [ 37%]
tests/test_family_tree_panel.py::test_editor_add_spouse_via_service PASSED [ 37%]
tests/test_family_tree_panel.py::test_add_dialog_prefills_spouse_code PASSED [ 37%]
tests/test_family_tree_panel.py::test_editor_add_new_spouse_creates_coded_person PASSED [ 37%]
tests/test_family_tree_panel.py::test_editor_add_child_links_both_parents PASSED [ 37%]
tests/test_family_tree_panel.py::test_editor_save_own_code PASSED        [ 37%]
tests/test_family_tree_panel.py::test_panel_shows_whole_forest_by_default PASSED [ 37%]
tests/test_family_tree_panel.py::test_panel_regenerate_button PASSED     [ 38%]
tests/test_family_tree_panel.py::test_add_dialog_offers_only_opposite_gender PASSED [ 38%]
tests/test_family_tree_panel.py::test_quick_add_spouse_stores_dates_and_gender PASSED [ 38%]
tests/test_family_tree_panel.py::test_panel_focus_shows_lineage_only PASSED [ 38%]
tests/test_family_tree_panel.py::test_panel_selection_populates_detail PASSED [ 38%]
tests/test_family_tree_panel.py::test_panel_quick_add_child PASSED       [ 38%]
tests/test_family_tree_service.py::test_build_tree_assigns_generations PASSED [ 38%]
tests/test_family_tree_service.py::test_build_tree_edges_reference_included_nodes PASSED [ 38%]
tests/test_family_tree_service.py::test_build_tree_generation_limits PASSED [ 38%]
tests/test_family_tree_service.py::test_build_graph_assigns_forest_generations PASSED [ 38%]
tests/test_family_tree_service.py::test_build_lineage_excludes_collateral_relatives PASSED [ 38%]
tests/test_family_tree_service.py::test_node_thumbnail_falls_back_to_face_crop PASSED [ 38%]
tests/test_family_tree_service.py::test_coparent_inferred_for_single_parent_linked_children PASSED [ 38%]
tests/test_family_tree_service.py::test_coparent_not_inferred_when_two_real_parents PASSED [ 38%]
tests/test_family_tree_service.py::test_coparent_not_inferred_with_ambiguous_remarriage PASSED [ 38%]
tests/test_family_tree_service.py::test_graph_carries_marriage_dates PASSED [ 38%]
tests/test_family_tree_service.py::test_lone_person_tree PASSED          [ 38%]
tests/test_family_tree_service.py::test_non_members_excluded_when_disabled PASSED [ 39%]
tests/test_family_tree_service.py::test_non_member_root_still_included PASSED [ 39%]
tests/test_family_tree_service.py::test_lowest_common_ancestor PASSED    [ 39%]
tests/test_family_tree_service.py::test_relationship_path_kinds PASSED   [ 39%]
tests/test_family_tree_service.py::test_relationship_path_unrelated PASSED [ 39%]
tests/test_family_tree_service.py::test_render_tree_json_shape PASSED    [ 39%]
tests/test_family_tree_service.py::test_settings_singleton_and_update PASSED [ 39%]
tests/test_family_tree_service.py::test_is_family_tree_member_defaults_true PASSED [ 39%]
tests/test_family_tree_view.py::test_set_graph_draws_one_box_per_person PASSED [ 39%]
tests/test_family_tree_view.py::test_set_graph_empty_is_safe PASSED      [ 39%]
tests/test_family_tree_view.py::test_boxes_positioned_by_generation PASSED [ 39%]
tests/test_family_tree_view.py::test_selected_and_focus_use_distinct_colors PASSED [ 39%]
tests/test_family_tree_view.py::test_zoom_in_out_reset PASSED            [ 39%]
tests/test_family_tree_view.py::test_photos_are_loaded_lazily PASSED     [ 39%]
tests/test_family_tree_view.py::test_generation_numbers_in_left_gutter PASSED [ 39%]
tests/test_family_tree_view.py::test_selection_marks_ancestors_and_descendants PASSED [ 39%]
tests/test_family_tree_view.py::test_siblings_share_one_parent_bus PASSED [ 39%]
tests/test_family_tree_view.py::test_selecting_child_highlights_only_its_path_up PASSED [ 40%]
tests/test_family_tree_view.py::test_couple_has_no_extra_bridge_line PASSED [ 40%]
tests/test_family_tree_view.py::test_marriage_date_label_is_drawn PASSED [ 40%]
tests/test_family_tree_view.py::test_single_parent_siblings_share_one_bus PASSED [ 40%]
tests/test_family_tree_view.py::test_selecting_single_parent_child_highlights_both_parents PASSED [ 40%]
tests/test_family_tree_view.py::test_spouses_are_placed_side_by_side PASSED [ 40%]
tests/test_family_tree_view.py::test_selecting_parent_highlights_all_children_down PASSED [ 40%]
tests/test_fuzzy_date.py::test_parse_matrix[1954.03.12-Precision.EXACT-earliest0-latest0-False] PASSED [ 40%]
tests/test_fuzzy_date.py::test_parse_matrix[1954-03-12-Precision.EXACT-earliest1-latest1-False] PASSED [ 40%]
tests/test_fuzzy_date.py::test_parse_matrix[1954.03-Precision.MONTH-earliest2-latest2-False] PASSED [ 40%]
tests/test_fuzzy_date.py::test_parse_matrix[1954-Precision.YEAR-earliest3-latest3-False] PASSED [ 40%]
tests/test_fuzzy_date.py::test_parse_matrix[1920 k\xf6r\xfcl-Precision.YEAR-earliest4-latest4-True] PASSED [ 40%]
tests/test_fuzzy_date.py::test_parse_matrix[kb. 1920-Precision.YEAR-earliest5-latest5-True] PASSED [ 40%]
tests/test_fuzzy_date.py::test_parse_matrix[~1920-Precision.YEAR-earliest6-latest6-True] PASSED [ 40%]
tests/test_fuzzy_date.py::test_parse_matrix[1920?-Precision.YEAR-earliest7-latest7-True] PASSED [ 40%]
tests/test_fuzzy_date.py::test_parse_matrix[cca 1920-Precision.YEAR-earliest8-latest8-True] PASSED [ 40%]
tests/test_fuzzy_date.py::test_parse_matrix[1969-1976-Precision.RANGE-earliest9-latest9-False] PASSED [ 40%]
tests/test_fuzzy_date.py::test_parse_matrix[1969\u20131976-Precision.RANGE-earliest10-latest10-False] PASSED [ 41%]
tests/test_fuzzy_date.py::test_parse_matrix[1970-es \xe9vek-Precision.DECADE-earliest11-latest11-False] PASSED [ 41%]
tests/test_fuzzy_date.py::test_parse_matrix[1970s-Precision.DECADE-earliest12-latest12-False] PASSED [ 41%]
tests/test_fuzzy_date.py::test_parse_matrix[1945 el\u0151tt-Precision.BEFORE-None-latest13-False] PASSED [ 41%]
tests/test_fuzzy_date.py::test_parse_matrix[1945 ut\xe1n-Precision.AFTER-earliest14-None-False] PASSED [ 41%]
tests/test_fuzzy_date.py::test_parse_matrix[2008.05.03 14:22:01-Precision.EXACT-earliest15-latest15-False] PASSED [ 41%]
tests/test_fuzzy_date.py::test_parse_matrix[2008:05:03 14:22:01-Precision.EXACT-earliest16-latest16-False] PASSED [ 41%]
tests/test_fuzzy_date.py::test_parse_matrix[2008.05.03 14.22.01-Precision.EXACT-earliest17-latest17-False] PASSED [ 41%]
tests/test_fuzzy_date.py::test_parse_matrix[2008:05:03-Precision.EXACT-earliest18-latest18-False] PASSED [ 41%]
tests/test_fuzzy_date.py::test_parse_matrix[1954-03-12T09:30-Precision.EXACT-earliest19-latest19-False] PASSED [ 41%]
tests/test_fuzzy_date.py::test_unknown[] PASSED                          [ 41%]
tests/test_fuzzy_date.py::test_unknown[   ] PASSED                       [ 41%]
tests/test_fuzzy_date.py::test_unknown[None] PASSED                      [ 41%]
tests/test_fuzzy_date.py::test_unknown[no date here] PASSED              [ 41%]
tests/test_fuzzy_date.py::test_unknown[??] PASSED                        [ 41%]
tests/test_fuzzy_date.py::test_messy_year_extraction PASSED              [ 41%]
tests/test_fuzzy_date.py::test_estimated_with_question_mark_combo PASSED [ 41%]
tests/test_fuzzy_date.py::test_sort_key_orders_chronologically PASSED    [ 42%]
tests/test_fuzzy_date.py::test_range_unordered_input_normalised PASSED   [ 42%]
tests/test_fuzzy_date.py::test_display_labels PASSED                     [ 42%]
tests/test_gdrive_connectivity.py::TestIsOnline::test_returns_true_when_socket_connects PASSED [ 42%]
tests/test_gdrive_connectivity.py::TestIsOnline::test_returns_false_on_os_error PASSED [ 42%]
tests/test_gdrive_connectivity.py::TestRequireOnline::test_passes_when_online PASSED [ 42%]
tests/test_gdrive_connectivity.py::TestRequireOnline::test_raises_gdrive_offline_error_when_offline PASSED [ 42%]
tests/test_gdrive_credential_store.py::TestInMemoryStore::test_roundtrip PASSED [ 42%]
tests/test_gdrive_credential_store.py::TestInMemoryStore::test_list_accounts PASSED [ 42%]
tests/test_gdrive_credential_store.py::TestInMemoryStore::test_delete_is_idempotent PASSED [ 42%]
tests/test_gdrive_credential_store.py::TestGoogleCredentialStoreFallback::test_save_and_load PASSED [ 42%]
tests/test_gdrive_credential_store.py::TestGoogleCredentialStoreFallback::test_secret_not_in_plaintext_file PASSED [ 42%]
tests/test_gdrive_credential_store.py::TestGoogleCredentialStoreFallback::test_account_index_lists_email PASSED [ 42%]
tests/test_gdrive_credential_store.py::TestGoogleCredentialStoreFallback::test_delete_removes_credential PASSED [ 42%]
tests/test_gdrive_credential_store.py::TestGoogleCredentialStoreFallback::test_roundtrip_survives_new_instance PASSED [ 42%]
tests/test_gdrive_db_sync.py::TestGDriveDbSyncOpen::test_downloads_db_into_cache PASSED [ 42%]
tests/test_gdrive_db_sync.py::TestGDriveDbSyncOpen::test_cleans_up_cache_on_download_failure PASSED [ 42%]
tests/test_gdrive_db_sync.py::TestGDriveDbSyncOpen::test_raises_when_offline PASSED [ 42%]
tests/test_gdrive_db_sync.py::TestGDriveDbSyncSync::test_uploads_local_copy PASSED [ 43%]
tests/test_gdrive_db_sync.py::TestGDriveDbSyncSync::test_raises_without_open_session PASSED [ 43%]
tests/test_gdrive_db_sync.py::TestGDriveDbSyncSync::test_raises_when_local_file_missing PASSED [ 43%]
tests/test_gdrive_db_sync.py::TestGDriveDbSyncClose::test_releases_active_reference PASSED [ 43%]
tests/test_gdrive_dotenv_loader.py::TestLoadDotenv::test_missing_file_is_silent PASSED [ 43%]
tests/test_gdrive_dotenv_loader.py::TestLoadDotenv::test_loads_whitelisted_vars PASSED [ 43%]
tests/test_gdrive_dotenv_loader.py::TestLoadDotenv::test_ignores_unknown_vars PASSED [ 43%]
tests/test_gdrive_dotenv_loader.py::TestLoadDotenv::test_does_not_overwrite_existing PASSED [ 43%]
tests/test_gdrive_dotenv_loader.py::TestLoadDotenv::test_strips_quotes_and_export_prefix PASSED [ 43%]
tests/test_gdrive_dotenv_loader.py::TestLoadDotenv::test_ignores_comments_and_blanks PASSED [ 43%]
tests/test_gdrive_dotenv_loader.py::TestLoadDotenv::test_malformed_lines_are_skipped PASSED [ 43%]
tests/test_gdrive_drive_client.py::TestFromRaw::test_builds_drive_file PASSED [ 43%]
tests/test_gdrive_drive_client.py::TestFromRaw::test_invalid_size_becomes_none PASSED [ 43%]
tests/test_gdrive_drive_client.py::TestBuildDriveClient::test_returns_client_for_stored_account PASSED [ 43%]
tests/test_gdrive_drive_client.py::TestBuildDriveClient::test_raises_when_no_credentials PASSED [ 43%]
tests/test_gdrive_drive_client.py::TestGoogleDriveClient::test_account_property PASSED [ 43%]
tests/test_gdrive_drive_client.py::TestGoogleDriveClient::test_list_folder_returns_drive_files PASSED [ 43%]
tests/test_gdrive_drive_client.py::TestGoogleDriveClient::test_find_child_returns_none_when_missing PASSED [ 44%]
tests/test_gdrive_drive_client.py::TestGoogleDriveClient::test_get_metadata PASSED [ 44%]
tests/test_gdrive_drive_client.py::TestGoogleDriveClient::test_create_folder PASSED [ 44%]
tests/test_gdrive_drive_client.py::TestGoogleDriveClient::test_upload_file_creates_new_remote_file PASSED [ 44%]
tests/test_gdrive_drive_client.py::TestGoogleDriveClient::test_upload_file_updates_existing PASSED [ 44%]
tests/test_gdrive_drive_client.py::TestGoogleDriveClient::test_upload_file_missing_source_raises PASSED [ 44%]
tests/test_gdrive_drive_client.py::TestGoogleDriveClient::test_download_file_writes_bytes PASSED [ 44%]
tests/test_gdrive_drive_client.py::TestGoogleDriveClient::test_delete_file_ignores_404 PASSED [ 44%]
tests/test_gdrive_drive_client.py::TestGoogleDriveClient::test_offline_raises_without_retry PASSED [ 44%]
tests/test_gdrive_drive_scan_service.py::TestDriveScanBasic::test_empty_folder_returns_empty PASSED [ 44%]
tests/test_gdrive_drive_scan_service.py::TestDriveScanBasic::test_single_image_is_indexed PASSED [ 44%]
tests/test_gdrive_drive_scan_service.py::TestDriveScanBasic::test_image_downloaded_to_mirror PASSED [ 44%]
tests/test_gdrive_drive_scan_service.py::TestDriveScanBasic::test_non_image_not_indexed PASSED [ 44%]
tests/test_gdrive_drive_scan_service.py::TestDriveScanBasic::test_remote_image_record_created PASSED [ 44%]
tests/test_gdrive_drive_scan_service.py::TestDriveScanBasic::test_image_file_path_is_in_mirror PASSED [ 44%]
tests/test_gdrive_drive_scan_service.py::TestDriveScanBasic::test_multiple_images PASSED [ 44%]
tests/test_gdrive_drive_scan_service.py::TestSkipReservedFolders::test_database_folder_skipped PASSED [ 44%]
tests/test_gdrive_drive_scan_service.py::TestSkipReservedFolders::test_metadata_folder_skipped PASSED [ 45%]
tests/test_gdrive_drive_scan_service.py::TestSkipReservedFolders::test_images_in_regular_subfolder_included PASSED [ 45%]
tests/test_gdrive_drive_scan_service.py::TestIncrementalScan::test_unchanged_file_not_redownloaded PASSED [ 45%]
tests/test_gdrive_drive_scan_service.py::TestIncrementalScan::test_changed_file_redownloaded PASSED [ 45%]
tests/test_gdrive_drive_scan_service.py::TestIncrementalScan::test_second_scan_same_image_no_duplicate_records PASSED [ 45%]
tests/test_gdrive_folder_url.py::TestParseFolderInput::test_recognised_inputs[https://drive.google.com/drive/folders/1aBcDeFgHiJkLmNoPqRsTuVwXyZ?usp=sharing-1aBcDeFgHiJkLmNoPqRsTuVwXyZ] PASSED [ 45%]
tests/test_gdrive_folder_url.py::TestParseFolderInput::test_recognised_inputs[https://drive.google.com/drive/u/0/folders/abcdef1234567890-abcdef1234567890] PASSED [ 45%]
tests/test_gdrive_folder_url.py::TestParseFolderInput::test_recognised_inputs[https://drive.google.com/open?id=ZyXwVuTsRqPoNmLkJiHgFeDcBa987654-ZyXwVuTsRqPoNmLkJiHgFeDcBa987654] PASSED [ 45%]
tests/test_gdrive_folder_url.py::TestParseFolderInput::test_recognised_inputs[1a2b3c4d5e6f7g8h9i0j-1a2b3c4d5e6f7g8h9i0j] PASSED [ 45%]
tests/test_gdrive_folder_url.py::TestParseFolderInput::test_recognised_inputs[   abcdef1234567890   -abcdef1234567890] PASSED [ 45%]
tests/test_gdrive_folder_url.py::TestParseFolderInput::test_invalid_inputs_return_none[] PASSED [ 45%]
tests/test_gdrive_folder_url.py::TestParseFolderInput::test_invalid_inputs_return_none[  ] PASSED [ 45%]
tests/test_gdrive_folder_url.py::TestParseFolderInput::test_invalid_inputs_return_none[not-a-url] PASSED [ 45%]
tests/test_gdrive_folder_url.py::TestParseFolderInput::test_invalid_inputs_return_none[ftp://example.com/folder] PASSED [ 45%]
tests/test_gdrive_folder_url.py::TestParseFolderInput::test_invalid_inputs_return_none[https://example.com/something] PASSED [ 45%]
tests/test_gdrive_folder_url.py::TestParseFolderInput::test_invalid_inputs_return_none[https://drive.google.com/drive/] PASSED [ 45%]
tests/test_gdrive_oauth_config.py::TestBundledConstants::test_scopes_include_drive_and_profile PASSED [ 45%]
tests/test_gdrive_oauth_config.py::TestBundledConstants::test_redirect_host_is_localhost PASSED [ 46%]
tests/test_gdrive_oauth_config.py::TestBundledConstants::test_client_id_is_non_empty PASSED [ 46%]
tests/test_gdrive_oauth_config.py::TestIsConfigured::test_false_when_secret_is_placeholder PASSED [ 46%]
tests/test_gdrive_oauth_config.py::TestIsConfigured::test_true_when_both_values_are_real PASSED [ 46%]
tests/test_gdrive_oauth_config.py::TestClientConfig::test_installed_client_shape PASSED [ 46%]
tests/test_gdrive_oauth_config.py::TestClientConfig::test_env_override_for_client_id PASSED [ 46%]
tests/test_gdrive_oauth_flow.py::TestRunLoginFlow::test_raises_config_error_when_not_configured PASSED [ 46%]
tests/test_gdrive_oauth_flow.py::TestRunLoginFlow::test_raises_offline_error_when_unreachable PASSED [ 46%]
tests/test_gdrive_oauth_flow.py::TestRunLoginFlow::test_raises_config_error_when_oauthlib_missing PASSED [ 46%]
tests/test_gdrive_oauth_flow.py::TestRunLoginFlow::test_success_returns_stored_credential PASSED [ 46%]
tests/test_gdrive_oauth_flow.py::TestRunLoginFlow::test_cancelled_flow_raises_oauth_cancelled PASSED [ 46%]
tests/test_gdrive_oauth_flow.py::TestRunLoginFlow::test_generic_failure_raises_runtime_error PASSED [ 46%]
tests/test_gdrive_oauth_flow.py::TestRestoreCredentialsObject::test_rebuilds_google_credentials PASSED [ 46%]
tests/test_gdrive_oauth_flow.py::TestRestoreCredentialsObject::test_invalid_expiry_is_ignored PASSED [ 46%]
tests/test_gdrive_oauth_flow.py::TestFetchAccountEmail::test_returns_email_from_userinfo PASSED [ 46%]
tests/test_gdrive_oauth_flow.py::TestFetchAccountEmail::test_falls_back_when_userinfo_fails PASSED [ 46%]
tests/test_gdrive_preferences.py::TestGDrivePrefs::test_is_ready_requires_account_and_folder PASSED [ 46%]
tests/test_gdrive_preferences.py::TestLoadSave::test_load_returns_defaults PASSED [ 47%]
tests/test_gdrive_preferences.py::TestLoadSave::test_save_and_load_roundtrip PASSED [ 47%]
tests/test_gdrive_preferences.py::TestLoadSave::test_load_normalises_empty_strings_to_none PASSED [ 47%]
tests/test_gdrive_preferences.py::TestUpdateLastSync::test_writes_explicit_timestamp PASSED [ 47%]
tests/test_gdrive_preferences.py::TestUpdateLastSync::test_writes_utc_now_when_omitted PASSED [ 47%]
tests/test_gdrive_preferences.py::TestClearAccount::test_clears_account_and_folder_fields PASSED [ 47%]
tests/test_gdrive_project_session.py::TestOpen::test_first_open_creates_folder_structure PASSED [ 47%]
tests/test_gdrive_project_session.py::TestOpen::test_existing_db_is_downloaded PASSED [ 47%]
tests/test_gdrive_project_session.py::TestLocking::test_fresh_lock_blocks_second_session PASSED [ 47%]
tests/test_gdrive_project_session.py::TestLocking::test_stale_lock_is_overridden PASSED [ 47%]
tests/test_gdrive_project_session.py::TestLocking::test_close_releases_lock PASSED [ 47%]
tests/test_gdrive_project_session.py::TestSync::test_sync_uploads_dirty_db PASSED [ 47%]
tests/test_gdrive_project_session.py::TestSync::test_sync_no_op_when_clean PASSED [ 47%]
tests/test_gdrive_project_session.py::TestSync::test_failed_upload_keeps_local_db PASSED [ 47%]
tests/test_gdrive_project_session.py::TestLockInfoStaleDetection::test_recent_heartbeat_is_fresh PASSED [ 47%]
tests/test_gdrive_project_session.py::TestLockInfoStaleDetection::test_old_heartbeat_is_stale PASSED [ 47%]
tests/test_gdrive_project_session.py::TestLockInfoStaleDetection::test_garbled_heartbeat_treated_as_stale PASSED [ 47%]
tests/test_gdrive_storage_provider.py::TestImageRef::test_local_ref_not_remote PASSED [ 47%]
tests/test_gdrive_storage_provider.py::TestImageRef::test_remote_ref_is_remote PASSED [ 48%]
tests/test_gdrive_storage_provider.py::TestImageRef::test_suffix PASSED  [ 48%]
tests/test_gdrive_storage_provider.py::TestImageRef::test_frozen PASSED  [ 48%]
tests/test_gdrive_storage_provider.py::test_local_is_storage_provider PASSED [ 48%]
tests/test_gdrive_storage_provider.py::test_gdrive_is_storage_provider PASSED [ 48%]
tests/test_gdrive_storage_provider.py::TestLocalStorageProvider::test_description_is_root_path PASSED [ 48%]
tests/test_gdrive_storage_provider.py::TestLocalStorageProvider::test_repr PASSED [ 48%]
tests/test_gdrive_storage_provider.py::TestLocalStorageProvider::test_iter_images_finds_jpg_png PASSED [ 48%]
tests/test_gdrive_storage_provider.py::TestLocalStorageProvider::test_iter_images_excludes_non_image PASSED [ 48%]
tests/test_gdrive_storage_provider.py::TestLocalStorageProvider::test_iter_images_empty_extensions PASSED [ 48%]
tests/test_gdrive_storage_provider.py::TestLocalStorageProvider::test_iter_images_local_path_set PASSED [ 48%]
tests/test_gdrive_storage_provider.py::TestLocalStorageProvider::test_open_image_yields_path PASSED [ 48%]
tests/test_gdrive_storage_provider.py::TestLocalStorageProvider::test_open_image_raises_if_no_local_path PASSED [ 48%]
tests/test_gdrive_storage_provider.py::TestLocalStorageProvider::test_iter_images_case_insensitive_extension PASSED [ 48%]
tests/test_gdrive_storage_provider.py::TestGoogleDriveStorageProvider::test_description_is_folder_name PASSED [ 48%]
tests/test_gdrive_storage_provider.py::TestGoogleDriveStorageProvider::test_description_fallback_to_id PASSED [ 48%]
tests/test_gdrive_storage_provider.py::TestGoogleDriveStorageProvider::test_repr PASSED [ 48%]
tests/test_gdrive_storage_provider.py::TestGoogleDriveStorageProvider::test_iter_images_finds_files PASSED [ 49%]
tests/test_gdrive_storage_provider.py::TestGoogleDriveStorageProvider::test_iter_images_skips_folders PASSED [ 49%]
tests/test_gdrive_storage_provider.py::TestGoogleDriveStorageProvider::test_iter_images_ref_has_remote_id PASSED [ 49%]
tests/test_gdrive_storage_provider.py::TestGoogleDriveStorageProvider::test_iter_images_ref_has_size PASSED [ 49%]
tests/test_gdrive_storage_provider.py::TestGoogleDriveStorageProvider::test_open_image_downloads_file PASSED [ 49%]
tests/test_gdrive_storage_provider.py::TestGoogleDriveStorageProvider::test_open_image_cleans_up_after_context PASSED [ 49%]
tests/test_gdrive_storage_provider.py::TestGoogleDriveStorageProvider::test_open_image_records_download_call PASSED [ 49%]
tests/test_gdrive_storage_provider.py::TestGoogleDriveStorageProvider::test_open_image_raises_without_remote_id PASSED [ 49%]
tests/test_gdrive_storage_provider.py::TestGoogleDriveStorageProvider::test_open_image_cleans_up_on_exception PASSED [ 49%]
tests/test_geocoding_factory.py::test_read_bool[True-True] PASSED        [ 49%]
tests/test_geocoding_factory.py::test_read_bool[False-False] PASSED      [ 49%]
tests/test_geocoding_factory.py::test_read_bool[1-True] PASSED           [ 49%]
tests/test_geocoding_factory.py::test_read_bool[true-True] PASSED        [ 49%]
tests/test_geocoding_factory.py::test_read_bool[YES-True] PASSED         [ 49%]
tests/test_geocoding_factory.py::test_read_bool[on-True] PASSED          [ 49%]
tests/test_geocoding_factory.py::test_read_bool[0-False] PASSED          [ 49%]
tests/test_geocoding_factory.py::test_read_bool[off-False] PASSED        [ 49%]
tests/test_geocoding_factory.py::test_read_bool_missing_uses_default PASSED [ 50%]
tests/test_geocoding_factory.py::test_create_geocoding_service_force_offline PASSED [ 50%]
tests/test_geocoding_factory.py::test_create_geocoding_service_force_online PASSED [ 50%]
tests/test_geocoding_factory.py::test_create_geocoding_service_reads_settings_when_not_forced PASSED [ 50%]
tests/test_geocoding_factory.py::test_create_geocoding_service_provider_failure_stays_offline PASSED [ 50%]
tests/test_geocoding_service.py::test_online_suggest_then_cache_hit PASSED [ 50%]
tests/test_geocoding_service.py::test_offline_uses_local_suggestions_only PASSED [ 50%]
tests/test_geocoding_service.py::test_offline_never_calls_provider PASSED [ 50%]
tests/test_geocoding_service.py::test_provider_error_degrades_gracefully PASSED [ 50%]
tests/test_geocoding_service.py::test_geocode_cached PASSED              [ 50%]
tests/test_geocoding_service.py::test_record_address_use_upsert PASSED   [ 50%]
tests/test_geocoding_worker.py::test_to_dicts PASSED                     [ 50%]
tests/test_geocoding_worker.py::TestSettlementSuggestWorker::test_emits_settlements PASSED [ 50%]
tests/test_geocoding_worker.py::TestSettlementSuggestWorker::test_emits_failed_on_error PASSED [ 50%]
tests/test_geocoding_worker.py::TestStreetSuggestWorker::test_emits_streets PASSED [ 50%]
tests/test_geocoding_worker.py::TestGeocodeWorker::test_emits_geocode_result PASSED [ 50%]
tests/test_geocoding_worker.py::TestGeocodeWorker::test_emits_none_when_not_found PASSED [ 50%]
tests/test_github_release.py::test_build_release_notes_includes_issue_links_and_commit_comments PASSED [ 51%]
tests/test_github_release.py::test_build_release_notes_handles_no_issue_references PASSED [ 51%]
tests/test_github_release.py::test_find_previous_release_tag_prefers_latest_github_release PASSED [ 51%]
tests/test_github_release.py::test_collect_commit_notes_reads_all_commits_since_previous_release PASSED [ 51%]
tests/test_group_manager_widget.py::test_selecting_group_lists_members PASSED [ 51%]
tests/test_group_manager_widget.py::test_remove_member_updates_db PASSED [ 51%]
tests/test_group_manager_widget.py::test_name_edit_auto_saves_on_focus_out PASSED [ 51%]
tests/test_group_manager_widget.py::test_switching_group_persists_pending_edit PASSED [ 51%]
tests/test_group_manager_widget.py::test_save_button_persists PASSED     [ 51%]
tests/test_group_manager_widget.py::test_invalid_name_not_persisted_silently_on_switch PASSED [ 51%]
tests/test_group_manager_widget.py::test_member_images_passes_person_image_paths PASSED [ 51%]
tests/test_group_manager_widget.py::test_member_detail_opens_editor_and_refreshes PASSED [ 51%]
tests/test_i18n.py::TestTranslation::test_t_english_default PASSED       [ 51%]
tests/test_i18n.py::TestTranslation::test_t_hungarian PASSED             [ 51%]
tests/test_i18n.py::TestTranslation::test_t_with_format_kwargs PASSED    [ 51%]
tests/test_i18n.py::TestTranslation::test_unknown_key_returns_key PASSED [ 51%]
tests/test_i18n.py::TestTranslation::test_current_language PASSED        [ 51%]
tests/test_i18n.py::TestLanguagePrefs::test_set_language_persists PASSED [ 52%]
tests/test_i18n.py::TestLanguagePrefs::test_set_language_rejects_unknown PASSED [ 52%]
tests/test_i18n.py::TestLanguagePrefs::test_load_prefs_reads_file PASSED [ 52%]
tests/test_i18n.py::TestLanguagePrefs::test_load_prefs_ignores_invalid_language PASSED [ 52%]
tests/test_identity_repair_service.py::TestScan::test_fragments_of_same_person_are_proposed PASSED [ 52%]
tests/test_identity_repair_service.py::TestScan::test_dissimilar_persons_not_proposed PASSED [ 52%]
tests/test_identity_repair_service.py::TestScan::test_named_and_protected_persons_excluded PASSED [ 52%]
tests/test_identity_repair_service.py::TestScan::test_diff_correction_suppresses_pair PASSED [ 52%]
tests/test_identity_repair_service.py::TestApply::test_apply_merges_transitive_group PASSED [ 52%]
tests/test_identity_repair_service.py::TestApply::test_apply_ignores_unknown_person_ids PASSED [ 52%]
tests/test_identity_repair_service.py::test_scan_then_apply_roundtrip PASSED [ 52%]
tests/test_identity_service.py::test_rename_person PASSED                [ 52%]
tests/test_identity_service.py::test_rename_protected_person_raises PASSED [ 52%]
tests/test_identity_service.py::test_merge_persons_moves_faces_and_deletes_source PASSED [ 52%]
tests/test_identity_service.py::test_merge_persons_respects_merge_exclusions PASSED [ 52%]
tests/test_identity_service.py::test_merge_same_person_raises PASSED     [ 52%]
tests/test_identity_service.py::test_remove_face_from_cluster_splits_face PASSED [ 52%]
tests/test_identity_service.py::test_reassign_face_moves_to_target PASSED [ 52%]
tests/test_identity_service.py::test_delete_person_unassigns_faces PASSED [ 53%]
tests/test_identity_service.py::test_delete_person_hard_deletes_faces PASSED [ 53%]
tests/test_identity_service.py::test_delete_protected_person_raises PASSED [ 53%]
tests/test_identity_service.py::test_exclude_face PASSED                 [ 53%]
tests/test_identity_service.py::test_set_face_uncertainty_and_note PASSED [ 53%]
tests/test_identity_service.py::test_set_face_merge_excluded PASSED      [ 53%]
tests/test_identity_service.py::test_set_and_clear_person_thumbnail PASSED [ 53%]
tests/test_identity_service.py::test_record_same_and_different PASSED    [ 53%]
tests/test_identity_service.py::test_list_persons_and_get_faces_for_person PASSED [ 53%]
tests/test_identity_service.py::test_cleanup_empty_unknown_persons PASSED [ 53%]
tests/test_identity_service.py::test_merge_all_excluded_raises PASSED    [ 53%]
tests/test_identity_service.py::test_reassign_faces_bulk PASSED          [ 53%]
tests/test_identity_service.py::test_restore_face_assignments PASSED     [ 53%]
tests/test_ignored_face_service.py::TestIgnorePersonForever::test_ignored_person_does_not_reappear_after_rerun PASSED [ 53%]
tests/test_ignored_face_service.py::TestIgnorePersonForever::test_plain_delete_lets_person_reappear PASSED [ 53%]
tests/test_ignored_face_service.py::TestIgnorePersonForever::test_named_person_cannot_be_ignored PASSED [ 53%]
tests/test_ignored_face_service.py::TestIgnorePersonForever::test_protected_person_cannot_be_ignored PASSED [ 53%]
tests/test_ignored_face_service.py::TestIgnoreFaceForever::test_single_face_ignore_keeps_person_with_remaining_faces PASSED [ 54%]
tests/test_ignored_face_service.py::TestIgnoreFaceForever::test_ignoring_last_face_removes_empty_unknown_person PASSED [ 54%]
tests/test_ignored_face_service.py::TestIgnoreFaceForever::test_named_person_face_cannot_be_ignored PASSED [ 54%]
tests/test_ignored_face_service.py::TestIgnoreFaceForever::test_unassigned_face_can_be_ignored PASSED [ 54%]
tests/test_ignored_face_service.py::TestSuppressionThreshold::test_dissimilar_new_face_is_not_suppressed PASSED [ 54%]
tests/test_ignored_face_service.py::TestSuppressionThreshold::test_disabled_filter_suppresses_nothing PASSED [ 54%]
tests/test_ignored_face_service.py::TestUnignore::test_unignore_makes_face_recognisable_again PASSED [ 54%]
tests/test_ignored_face_service.py::TestUnignore::test_unignore_missing_entry_returns_false PASSED [ 54%]
tests/test_ignored_face_service.py::TestListMetadata::test_entry_keeps_thumbnail_and_source_snapshot PASSED [ 54%]
tests/test_image_browser_cursor_reset.py::test_reset_after_resize_drag_restores_cross PASSED [ 54%]
tests/test_image_browser_cursor_reset.py::test_exit_edit_resets_cursor PASSED [ 54%]
tests/test_image_browser_cursor_reset.py::test_cancel_resets_cursor PASSED [ 54%]
tests/test_image_browser_cursor_reset.py::test_reset_drains_application_override_cursor PASSED [ 54%]
tests/test_image_browser_deoldified_compare.py::test_compare_composite_left_right PASSED [ 54%]
tests/test_image_browser_deoldified_compare.py::test_ensure_compare_bgr_resizes_right_to_left_shape PASSED [ 54%]
tests/test_image_browser_deoldified_compare.py::test_picker_change_recomposes_with_chosen_variant PASSED [ 54%]
tests/test_image_browser_deoldified_compare.py::test_combos_visible_only_in_compare_with_three_members PASSED [ 54%]
tests/test_image_browser_deoldified_compare.py::test_clear_for_new_image_keeps_remembered_mode_and_split PASSED [ 55%]
tests/test_image_browser_deoldified_compare.py::test_compare_dragged_updates_split_and_recomposites PASSED [ 55%]
tests/test_image_browser_deoldified_compare.py::test_drag_while_not_in_compare_only_records_split PASSED [ 55%]
tests/test_image_browser_deoldified_compare.py::test_label_compare_divider_x_requires_pixmap PASSED [ 55%]
tests/test_image_browser_place_create.py::test_create_typed_place_button PASSED [ 55%]
tests/test_image_browser_place_create.py::test_create_typed_place_without_image PASSED [ 55%]
tests/test_image_browser_place_create.py::test_create_typed_place_from_rename_field PASSED [ 55%]
tests/test_image_browser_service.py::test_list_folders_empty_db PASSED   [ 55%]
tests/test_image_browser_service.py::test_list_folders_groups_by_parent PASSED [ 55%]
tests/test_image_browser_service.py::test_list_folders_display_name_is_leaf PASSED [ 55%]
tests/test_image_browser_service.py::test_list_folders_total_counts PASSED [ 55%]
tests/test_image_browser_service.py::test_list_folders_face_counts PASSED [ 55%]
tests/test_image_browser_service.py::test_list_folders_excluded_faces_not_counted PASSED [ 55%]
tests/test_image_browser_service.py::test_list_images_returns_only_matching_folder PASSED [ 55%]
tests/test_image_browser_service.py::test_list_images_does_not_include_subfolders PASSED [ 55%]
tests/test_image_browser_service.py::test_list_images_face_stats PASSED  [ 55%]
tests/test_image_browser_service.py::test_list_images_empty_folder PASSED [ 55%]
tests/test_image_browser_service.py::test_list_images_thumbnail_cache_key PASSED [ 56%]
tests/test_image_browser_service.py::test_get_image_faces_returns_tuples PASSED [ 56%]
tests/test_image_browser_service.py::test_get_image_faces_excludes_excluded PASSED [ 56%]
tests/test_image_browser_service.py::test_get_image_faces_missing_image PASSED [ 56%]
tests/test_image_browser_service.py::test_assignment_does_not_change_other_faces PASSED [ 56%]
tests/test_image_browser_service.py::test_face_count_after_reassignment_stays_consistent PASSED [ 56%]
tests/test_image_library_service.py::TestFromPosix::test_simple PASSED   [ 56%]
tests/test_image_library_service.py::TestFromPosix::test_backslash PASSED [ 56%]
tests/test_image_library_service.py::TestFromPosix::test_deep PASSED     [ 56%]
tests/test_image_library_service.py::TestFromPosix::test_empty PASSED    [ 56%]
tests/test_image_library_service.py::TestFromPosix::test_unicode PASSED  [ 56%]
tests/test_image_library_service.py::TestLibraryRootAccess::test_not_configured_by_default PASSED [ 56%]
tests/test_image_library_service.py::TestLibraryRootAccess::test_set_and_get PASSED [ 56%]
tests/test_image_library_service.py::TestLibraryRootAccess::test_set_invalid_raises PASSED [ 56%]
tests/test_image_library_service.py::TestLibraryRootAccess::test_persists_to_json PASSED [ 56%]
tests/test_image_library_service.py::TestLibraryRootAccess::test_loads_from_json PASSED [ 56%]
tests/test_image_library_service.py::TestLibraryRootAccess::test_missing_root_returns_path_not_none PASSED [ 56%]
tests/test_image_library_service.py::TestMakeRelative::test_under_root PASSED [ 57%]
tests/test_image_library_service.py::TestMakeRelative::test_deep_path PASSED [ 57%]
tests/test_image_library_service.py::TestMakeRelative::test_outside_root_returns_none PASSED [ 57%]
tests/test_image_library_service.py::TestMakeRelative::test_no_root_returns_none PASSED [ 57%]
tests/test_image_library_service.py::TestMakeRelative::test_forward_slashes PASSED [ 57%]
tests/test_image_library_service.py::TestMakeRelative::test_unicode_filename PASSED [ 57%]
tests/test_image_library_service.py::TestResolvePath::test_relative_path_with_root PASSED [ 57%]
tests/test_image_library_service.py::TestResolvePath::test_legacy_absolute_path PASSED [ 57%]
tests/test_image_library_service.py::TestResolvePath::test_relative_without_root_falls_through_to_file_path PASSED [ 57%]
tests/test_image_library_service.py::TestResolvePath::test_no_path_returns_none PASSED [ 57%]
tests/test_image_library_service.py::TestIsPathUnderRoot::test_under PASSED [ 57%]
tests/test_image_library_service.py::TestIsPathUnderRoot::test_not_under PASSED [ 57%]
tests/test_image_library_service.py::TestIsPathUnderRoot::test_no_root PASSED [ 57%]
tests/test_image_library_service.py::TestDetectCommonRoot::test_detects_common_prefix PASSED [ 57%]
tests/test_image_library_service.py::TestDetectCommonRoot::test_no_records_returns_none PASSED [ 57%]
tests/test_image_library_service.py::TestDetectCommonRoot::test_ignores_already_migrated PASSED [ 57%]
tests/test_image_library_service.py::TestMigration::test_basic_migration PASSED [ 57%]
tests/test_image_library_service.py::TestMigration::test_uses_posix_separators PASSED [ 57%]
tests/test_image_library_service.py::TestMigration::test_skips_outside_root PASSED [ 58%]
tests/test_image_library_service.py::TestMigration::test_validate_missing_files PASSED [ 58%]
tests/test_image_library_service.py::TestMigration::test_no_validate_accepts_missing_files PASSED [ 58%]
tests/test_image_library_service.py::TestMigration::test_idempotent PASSED [ 58%]
tests/test_image_library_service.py::TestMigration::test_persists_library_root PASSED [ 58%]
tests/test_image_library_service.py::TestMigration::test_progress_callback PASSED [ 58%]
tests/test_image_library_service.py::TestSingleton::test_init_and_get PASSED [ 58%]
tests/test_image_library_service.py::TestSingleton::test_reinit_on_db_change PASSED [ 58%]
tests/test_image_library_service.py::TestSingleton::test_resolve_image_path_no_root PASSED [ 58%]
tests/test_image_library_service.py::TestSingleton::test_resolve_image_path_with_root PASSED [ 58%]
tests/test_image_library_service.py::TestSingleton::test_resolve_none_when_no_path PASSED [ 58%]
tests/test_image_library_service.py::TestScanServiceIntegration::test_relink_by_relative_path PASSED [ 58%]
tests/test_image_library_service.py::TestScanServiceIntegration::test_backfills_relative_path_on_existing_records PASSED [ 58%]
tests/test_image_metadata_export_service.py::test_export_csv_single_person_list_mode PASSED [ 58%]
tests/test_image_metadata_export_service.py::test_export_csv_multi_persons_list_mode PASSED [ 58%]
tests/test_image_metadata_export_service.py::test_export_csv_multi_persons_cols_mode PASSED [ 58%]
tests/test_image_metadata_export_service.py::test_export_csv_cols_mode_auto_expands_columns PASSED [ 58%]
tests/test_image_metadata_export_service.py::test_export_csv_empty_persons PASSED [ 59%]
tests/test_image_metadata_export_service.py::test_export_csv_no_gps_exports_empty PASSED [ 59%]
tests/test_image_metadata_export_service.py::test_export_csv_gps_from_exif PASSED [ 59%]
tests/test_image_metadata_export_service.py::test_export_csv_gps_image_coords_take_priority_over_exif PASSED [ 59%]
tests/test_image_metadata_export_service.py::test_export_csv_no_exif_fallback_to_filename_date PASSED [ 59%]
tests/test_image_metadata_export_service.py::test_export_csv_no_date_returns_unknown PASSED [ 59%]
tests/test_image_metadata_export_service.py::test_export_csv_location_from_place PASSED [ 59%]
tests/test_image_metadata_export_service.py::test_export_csv_anonymous_place_not_exported_as_location PASSED [ 59%]
tests/test_image_metadata_export_service.py::test_export_csv_utf8_accents PASSED [ 59%]
tests/test_image_metadata_export_service.py::test_export_csv_escaping_comma_in_name PASSED [ 59%]
tests/test_image_metadata_export_service.py::test_export_csv_selective_fields PASSED [ 59%]
tests/test_image_metadata_export_service.py::test_export_csv_places_date_location_gps_before_person_columns PASSED [ 59%]
tests/test_image_metadata_export_service.py::test_export_csv_multiple_images PASSED [ 59%]
tests/test_image_metadata_export_service.py::test_export_csv_progress_callback PASSED [ 59%]
tests/test_image_metadata_export_service.py::test_export_xlsx_basic PASSED [ 59%]
tests/test_image_metadata_export_service.py::test_export_xlsx_gps_numeric PASSED [ 59%]
tests/test_image_metadata_export_service.py::test_export_xlsx_utf8_accents PASSED [ 59%]
tests/test_image_metadata_export_service.py::test_export_xlsx_cols_mode_separate_person_columns PASSED [ 60%]
tests/test_image_metadata_export_service.py::test_export_xlsx_uses_same_column_order_as_csv PASSED [ 60%]
tests/test_image_metadata_export_service.py::test_export_xlsx_normalizes_extension PASSED [ 60%]
tests/test_image_metadata_export_service.py::test_export_xlsx_large_batch PASSED [ 60%]
tests/test_image_path_matcher.py::test_find_missing_lists_only_records_without_a_file PASSED [ 60%]
tests/test_image_path_matcher.py::test_hash_match_is_confident PASSED    [ 60%]
tests/test_image_path_matcher.py::test_same_name_different_content_is_demoted_and_not_confident PASSED [ 60%]
tests/test_image_path_matcher.py::test_without_hash_verification_deeper_path_ranks_first PASSED [ 60%]
tests/test_image_path_matcher.py::test_no_candidate_when_the_name_is_nowhere PASSED [ 60%]
tests/test_image_path_matcher.py::test_progress_and_checkpoint_are_called PASSED [ 60%]
tests/test_image_path_matcher.py::test_apply_updates_absolute_and_relative_paths PASSED [ 60%]
tests/test_image_path_matcher.py::test_apply_refuses_to_point_two_records_at_one_file PASSED [ 60%]
tests/test_image_path_repair_dialog.py::test_folders_are_prefilled_and_deduplicated PASSED [ 60%]
tests/test_image_path_repair_dialog.py::test_confident_rows_are_pre_checked_and_others_are_not PASSED [ 60%]
tests/test_image_path_repair_dialog.py::test_decisions_only_include_checked_rows_with_a_candidate PASSED [ 60%]
tests/test_image_path_repair_dialog.py::test_select_helpers_toggle_rows PASSED [ 60%]
tests/test_image_path_repair_dialog.py::test_rows_carry_their_image_id PASSED [ 60%]
tests/test_intra_image_consistency_service.py::TestSplitUnknownHealing::test_two_unknowns_on_one_image_are_merged PASSED [ 61%]
tests/test_intra_image_consistency_service.py::TestSplitUnknownHealing::test_whole_losing_unknown_is_absorbed PASSED [ 61%]
tests/test_intra_image_consistency_service.py::TestSafety::test_different_people_not_merged PASSED [ 61%]
tests/test_intra_image_consistency_service.py::TestSafety::test_diff_correction_blocks_merge PASSED [ 61%]
tests/test_intra_image_consistency_service.py::TestSafety::test_two_named_persons_conflict_skipped PASSED [ 61%]
tests/test_intra_image_consistency_service.py::TestSafety::test_unknown_pulled_into_named_anchor PASSED [ 61%]
tests/test_intra_image_consistency_service.py::TestSafety::test_disabled_config_is_noop PASSED [ 61%]
tests/test_intra_image_duplicate_service.py::test_overlapping_duplicate_of_assigned_face_is_removed PASSED [ 61%]
tests/test_intra_image_duplicate_service.py::test_duplicate_of_manual_face_is_removed PASSED [ 61%]
tests/test_intra_image_duplicate_service.py::test_non_overlapping_same_person_is_kept PASSED [ 61%]
tests/test_intra_image_duplicate_service.py::test_overlapping_different_person_is_kept PASSED [ 61%]
tests/test_intra_image_duplicate_service.py::test_duplicate_across_different_images_is_kept PASSED [ 61%]
tests/test_intra_image_duplicate_service.py::test_two_unassigned_duplicates_keeps_the_better_box PASSED [ 61%]
tests/test_intra_image_duplicate_service.py::test_two_unassigned_different_people_overlap_are_kept PASSED [ 61%]
tests/test_intra_image_duplicate_service.py::test_disabled_config_is_a_noop PASSED [ 61%]
tests/test_intra_image_duplicate_service.py::test_multiple_duplicates_all_removed PASSED [ 61%]
tests/test_job_types.py::TestJobSpecOrdering::test_scoped_jobs_sort_before_full_jobs PASSED [ 61%]
tests/test_job_types.py::TestJobSpecOrdering::test_same_priority_uses_fifo_sequence PASSED [ 62%]
tests/test_job_types.py::TestJobSpecOrdering::test_job_id_is_generated_when_missing PASSED [ 62%]
tests/test_job_types.py::TestJobStatusPercent::test_zero_when_total_not_positive PASSED [ 62%]
tests/test_job_types.py::TestJobStatusPercent::test_rounds_processed_fraction PASSED [ 62%]
tests/test_job_types.py::TestJobStatusPercent::test_caps_at_one_hundred PASSED [ 62%]
tests/test_label_placement.py::TestPlaceLabels::test_empty_input PASSED  [ 62%]
tests/test_label_placement.py::TestPlaceLabels::test_single_label_prefers_above_center PASSED [ 62%]
tests/test_label_placement.py::TestPlaceLabels::test_selected_face_wins_overlap PASSED [ 62%]
tests/test_label_placement.py::TestPlaceLabels::test_zero_size_label_uses_face_origin PASSED [ 62%]
tests/test_label_placement.py::TestPlaceLabels::test_leader_line_when_placement_not_adjacent PASSED [ 62%]
tests/test_label_placement.py::TestPlaceLabels::test_clamps_position_within_image PASSED [ 62%]
tests/test_landmark_geometry.py::TestPlausibleGeometryPasses::test_canonical_frontal_face PASSED [ 62%]
tests/test_landmark_geometry.py::TestPlausibleGeometryPasses::test_mildly_tilted_face PASSED [ 62%]
tests/test_landmark_geometry.py::TestPlausibleGeometryPasses::test_small_face_same_ratios PASSED [ 62%]
tests/test_landmark_geometry.py::TestPlausibleGeometryPasses::test_profile_face_bunched_eyes PASSED [ 62%]
tests/test_landmark_geometry.py::TestPlausibleGeometryPasses::test_three_quarter_view_nose_toward_eye PASSED [ 62%]
tests/test_landmark_geometry.py::TestPlausibleGeometryPasses::test_wide_set_eyes_baby_face PASSED [ 62%]
tests/test_landmark_geometry.py::TestPlausibleGeometryPasses::test_profile_face_with_tilt PASSED [ 63%]
tests/test_landmark_geometry.py::TestImplausibleGeometryRejected::test_vertical_eye_line PASSED [ 63%]
tests/test_landmark_geometry.py::TestImplausibleGeometryRejected::test_nose_above_eyes PASSED [ 63%]
tests/test_landmark_geometry.py::TestImplausibleGeometryRejected::test_mouth_collapsed_onto_eyes PASSED [ 63%]
tests/test_landmark_geometry.py::TestImplausibleGeometryRejected::test_inter_ocular_too_narrow PASSED [ 63%]
tests/test_landmark_geometry.py::TestImplausibleGeometryRejected::test_inter_ocular_too_wide PASSED [ 63%]
tests/test_landmark_geometry.py::TestImplausibleGeometryRejected::test_nose_off_to_the_side PASSED [ 63%]
tests/test_landmark_geometry.py::TestImplausibleGeometryRejected::test_mouth_corners_swapped PASSED [ 63%]
tests/test_landmark_geometry.py::TestImplausibleGeometryRejected::test_scrambled_collinear_landmarks PASSED [ 63%]
tests/test_landmark_geometry.py::TestFailOpen::test_none_landmarks_pass PASSED [ 63%]
tests/test_landmark_geometry.py::TestFailOpen::test_wrong_count_passes PASSED [ 63%]
tests/test_landmark_geometry.py::TestFailOpen::test_non_finite_passes PASSED [ 63%]
tests/test_landmark_geometry.py::TestFailOpen::test_coincident_eyes_degenerate_passes PASSED [ 63%]
tests/test_landmark_geometry.py::TestFailOpen::test_zero_size_box_passes PASSED [ 63%]
tests/test_logging_setup.py::TestSetupLogging::test_adds_stderr_handler PASSED [ 63%]
tests/test_logging_setup.py::TestSetupLogging::test_optional_file_handler PASSED [ 63%]
tests/test_logging_setup.py::TestSetupLogging::test_second_call_is_idempotent PASSED [ 63%]
tests/test_logging_setup.py::TestSetupLogging::test_quiets_noisy_third_party_loggers PASSED [ 63%]
tests/test_logging_setup.py::TestQLogHandler::test_emits_formatted_message PASSED [ 64%]
tests/test_logging_setup.py::TestQLogHandler::test_format_matches_setup_logging PASSED [ 64%]
tests/test_main.py::test_parse_args_defaults PASSED                      [ 64%]
tests/test_main.py::test_parse_args_debug_and_db PASSED                  [ 64%]
tests/test_main.py::test_main_module_importable PASSED                   [ 64%]
tests/test_main_window.py::test_main_window_construct PASSED             [ 64%]
tests/test_main_window.py::test_path_repair_dialog_opens_with_the_current_folders PASSED [ 64%]
tests/test_manual_thumbnail.py::test_set_person_thumbnail_marks_manual PASSED [ 64%]
tests/test_manual_thumbnail.py::test_set_person_thumbnail_wrong_person_raises PASSED [ 64%]
tests/test_manual_thumbnail.py::test_set_person_thumbnail_missing_crop_raises PASSED [ 64%]
tests/test_manual_thumbnail.py::test_clear_manual_person_thumbnail_resets_to_auto PASSED [ 64%]
tests/test_manual_thumbnail.py::test_auto_thumbnail_not_overwritten_by_face_crop_refresh PASSED [ 64%]
tests/test_manual_thumbnail.py::test_exclude_face_clears_manual_thumbnail_fallback PASSED [ 64%]
tests/test_manual_thumbnail.py::test_set_place_thumbnail_marks_manual PASSED [ 64%]
tests/test_manual_thumbnail.py::test_set_place_thumbnail_missing_file_raises PASSED [ 64%]
tests/test_manual_thumbnail.py::test_ensure_thumbnail_skips_manual PASSED [ 64%]
tests/test_manual_thumbnail.py::test_ensure_thumbnail_falls_back_when_manual_file_gone PASSED [ 64%]
tests/test_manual_thumbnail.py::test_clear_manual_place_thumbnail PASSED [ 65%]
tests/test_manual_thumbnail.py::test_reassign_face_invalidates_manual_thumbnail PASSED [ 65%]
tests/test_manual_thumbnail.py::test_merge_places_inherits_manual_thumbnail_flag PASSED [ 65%]
tests/test_manual_thumbnail.py::test_merge_places_keeps_target_manual_thumbnail PASSED [ 65%]
tests/test_match_scoring.py::test_normalised_unit_vector PASSED          [ 65%]
tests/test_match_scoring.py::test_normalised_none_and_zero PASSED        [ 65%]
tests/test_match_scoring.py::test_person_centroid_from_face_embeddings PASSED [ 65%]
tests/test_match_scoring.py::test_person_centroid_none_without_embeddings PASSED [ 65%]
tests/test_match_scoring.py::test_fallback_scores_ranks_similar_people PASSED [ 65%]
tests/test_match_scoring.py::test_match_scores_for_embedding_uses_recognition_service PASSED [ 65%]
tests/test_match_scoring.py::test_match_scores_for_embedding_falls_back_to_centroids PASSED [ 65%]
tests/test_match_scoring.py::test_match_scores_for_face_missing_face_returns_empty PASSED [ 65%]
tests/test_match_scoring.py::test_match_scores_for_face_uses_embedding PASSED [ 65%]
tests/test_match_scoring.py::test_match_scores_for_faces_averages_selected_faces PASSED [ 65%]
tests/test_match_scoring.py::test_match_scores_for_person_uses_profile_centroid PASSED [ 65%]
tests/test_match_scoring.py::test_overlay_deep_without_model_keeps_scores PASSED [ 65%]
tests/test_match_scoring_deep.py::TestDeepProbabilities::test_returns_distribution_for_known_query PASSED [ 65%]
tests/test_match_scoring_deep.py::TestDeepProbabilities::test_no_config_uses_default_dir_and_misses PASSED [ 66%]
tests/test_match_scoring_deep.py::TestDeepProbabilities::test_disabled_engine_returns_empty PASSED [ 66%]
tests/test_match_scoring_deep.py::TestOverlay::test_overrides_known_keeps_unknown PASSED [ 66%]
tests/test_match_scoring_deep.py::TestOverlay::test_no_model_returns_scores_unchanged PASSED [ 66%]
tests/test_move_project_issues_ready.py::test_resolve_owner_type_uses_repository_owner_for_organizations PASSED [ 66%]
tests/test_move_project_issues_ready.py::test_resolve_owner_type_uses_repository_owner_for_users PASSED [ 66%]
tests/test_move_project_issues_ready.py::test_referenced_issue_numbers_falls_back_to_checked_out_commit PASSED [ 66%]
tests/test_move_project_issues_ready.py::test_resolve_status_options_returns_requested_option_ids PASSED [ 66%]
tests/test_move_project_issues_ready.py::test_move_project_issues_by_status_moves_only_issue_items_with_source_status PASSED [ 66%]
tests/test_multi_stage_face_validator.py::test_disabled_falls_back_to_single_verifier_keep PASSED [ 66%]
tests/test_multi_stage_face_validator.py::test_disabled_falls_back_to_single_verifier_drop PASSED [ 66%]
tests/test_multi_stage_face_validator.py::test_too_few_technologies_falls_back_to_yunet PASSED [ 66%]
tests/test_multi_stage_face_validator.py::test_quorum_confirms_keeps_face PASSED [ 66%]
tests/test_multi_stage_face_validator.py::test_single_confirmation_drops_face PASSED [ 66%]
tests/test_multi_stage_face_validator.py::test_quorum_without_yunet_keeps_original_box PASSED [ 66%]
tests/test_multi_stage_face_validator.py::test_all_reject_drops_face PASSED [ 66%]
tests/test_multi_stage_face_validator.py::test_weighted_technology_keeps_face_alone PASSED [ 66%]
tests/test_multi_stage_face_validator.py::test_lone_yunet_still_dropped_with_weighted_tech_present PASSED [ 67%]
tests/test_multi_stage_face_validator.py::test_min_confirmations_three PASSED [ 67%]
tests/test_multi_stage_face_validator.py::test_real_opencv_technologies_are_available PASSED [ 67%]
tests/test_multi_stage_face_validator.py::test_insightface_abstains_when_unavailable PASSED [ 67%]
tests/test_nominatim_provider.py::test_parse_settlements_dedup_and_names PASSED [ 67%]
tests/test_nominatim_provider.py::test_parse_streets PASSED              [ 67%]
tests/test_nominatim_provider.py::test_geocode_downgrades_level_when_house_missing PASSED [ 67%]
tests/test_nominatim_provider.py::test_geocode_full_address_level PASSED [ 67%]
tests/test_nominatim_provider.py::test_geocode_empty_result PASSED       [ 67%]
tests/test_object_service.py::test_create_and_find PASSED                [ 67%]
tests/test_object_service.py::test_create_empty_name_rejected PASSED     [ 67%]
tests/test_object_service.py::test_get_or_create_is_idempotent PASSED    [ 67%]
tests/test_object_service.py::test_update_object PASSED                  [ 67%]
tests/test_object_service.py::test_delete_cascades_occurrences PASSED    [ 67%]
tests/test_object_service.py::test_add_occurrence_idempotent_same_point PASSED [ 67%]
tests/test_object_service.py::test_same_object_multiple_images PASSED    [ 67%]
tests/test_object_service.py::test_add_occurrence_bbox PASSED            [ 67%]
tests/test_object_service.py::test_thumbnail_specs_and_manual PASSED     [ 68%]
tests/test_object_service.py::test_update_occurrence_bbox PASSED         [ 68%]
tests/test_object_service.py::test_update_and_remove_occurrence PASSED   [ 68%]
tests/test_object_service.py::test_occurrences_for_image PASSED          [ 68%]
tests/test_object_service.py::test_list_objects_counts PASSED            [ 68%]
tests/test_object_service.py::test_list_objects_name_filter PASSED       [ 68%]
tests/test_object_service.py::test_search_by_name_description_note_accent_insensitive PASSED [ 68%]
tests/test_object_service.py::test_person_links_roles PASSED             [ 68%]
tests/test_object_service.py::test_person_link_protected_rejected PASSED [ 68%]
tests/test_object_service.py::test_person_link_bad_role_rejected PASSED  [ 68%]
tests/test_object_service.py::test_remove_person_link PASSED             [ 68%]
tests/test_object_service.py::test_merge_preserves_everything PASSED     [ 68%]
tests/test_object_service.py::test_merge_dedups_duplicate_occurrence PASSED [ 68%]
tests/test_object_service.py::test_merge_self_is_noop PASSED             [ 68%]
tests/test_object_service.py::test_universal_search_finds_object_images PASSED [ 68%]
tests/test_object_service.py::test_search_suggestions_include_objects PASSED [ 68%]
tests/test_overlap_resolution_service.py::TestOverlapResolution::test_assigned_box_wins_over_unknown PASSED [ 68%]
tests/test_overlap_resolution_service.py::TestOverlapResolution::test_two_unknown_boxes_keep_one PASSED [ 68%]
tests/test_overlap_resolution_service.py::TestOverlapResolution::test_two_different_named_persons_are_untouchable PASSED [ 69%]
tests/test_overlap_resolution_service.py::TestOverlapResolution::test_non_overlapping_boxes_are_kept PASSED [ 69%]
tests/test_overlap_resolution_service.py::TestOverlapResolution::test_embedding_guard_protects_close_faces PASSED [ 69%]
tests/test_overlap_resolution_service.py::TestOverlapResolution::test_nested_box_is_resolved_by_containment PASSED [ 69%]
tests/test_overlap_resolution_service.py::TestOverlapResolution::test_unknown_group_box_loses_to_named PASSED [ 69%]
tests/test_overlap_resolution_service.py::TestOverlapResolution::test_manual_box_beats_assigned_auto_box PASSED [ 69%]
tests/test_perf.py::TestPerfRecord::test_avg_ms PASSED                   [ 69%]
tests/test_perf.py::TestPerfRecord::test_avg_ms_zero_when_no_samples PASSED [ 69%]
tests/test_perf.py::TestRecordAndTimedBlock::test_record_accumulates_stats PASSED [ 69%]
tests/test_perf.py::TestRecordAndTimedBlock::test_timed_block_records_elapsed PASSED [ 69%]
tests/test_perf.py::TestRecordAndTimedBlock::test_timed_decorator_records_function PASSED [ 69%]
tests/test_perf.py::TestRecordAndTimedBlock::test_slow_operation_logs_warning PASSED [ 69%]
tests/test_perf.py::TestPerfCounter::test_hit_miss_and_hit_rate PASSED   [ 69%]
tests/test_perf.py::TestPerfCounter::test_hit_rate_zero_without_samples PASSED [ 69%]
tests/test_perf.py::TestResetAndReport::test_reset_clears_records_and_counters PASSED [ 69%]
tests/test_perf.py::TestResetAndReport::test_report_includes_operations_and_rss PASSED [ 69%]
tests/test_perf.py::TestMemoryMb::test_returns_non_negative_float PASSED [ 69%]
tests/test_perf.py::TestAttachSqlTiming::test_records_sql_total PASSED   [ 70%]
tests/test_person_full_delete.py::TestFullDelete::test_hard_delete_removes_person_and_all_faces PASSED [ 70%]
tests/test_person_full_delete.py::TestFullDelete::test_hard_deleted_person_does_not_reappear_after_recluster PASSED [ 70%]
tests/test_person_full_delete.py::TestFullDelete::test_other_persons_and_faces_are_untouched PASSED [ 70%]
tests/test_person_full_delete.py::TestFullDelete::test_missing_crop_file_does_not_crash PASSED [ 70%]
tests/test_person_full_delete.py::TestFullDelete::test_delete_with_ignore_snapshots_embeddings_and_deletes_faces PASSED [ 70%]
tests/test_person_full_delete.py::TestFullDelete::test_ignored_person_suppressed_on_redetection PASSED [ 70%]
tests/test_person_full_delete.py::TestFullDelete::test_delete_without_ignore_adds_nothing_to_ignore_list PASSED [ 70%]
tests/test_person_full_delete.py::TestFullDelete::test_protected_person_cannot_be_deleted PASSED [ 70%]
tests/test_person_full_delete.py::TestFullDelete::test_default_mode_still_unassigns_faces PASSED [ 70%]
tests/test_person_group_service.py::TestCreateGroup::test_create_returns_group PASSED [ 70%]
tests/test_person_group_service.py::TestCreateGroup::test_create_trims_whitespace PASSED [ 70%]
tests/test_person_group_service.py::TestCreateGroup::test_create_empty_name_raises PASSED [ 70%]
tests/test_person_group_service.py::TestCreateGroup::test_duplicate_name_raises PASSED [ 70%]
tests/test_person_group_service.py::TestCreateGroup::test_duplicate_name_case_insensitive PASSED [ 70%]
tests/test_person_group_service.py::TestCreateGroup::test_list_groups_alphabetical PASSED [ 70%]
tests/test_person_group_service.py::TestCreateGroup::test_rename_group PASSED [ 70%]
tests/test_person_group_service.py::TestCreateGroup::test_rename_to_existing_raises PASSED [ 71%]
tests/test_person_group_service.py::TestCreateGroup::test_delete_group PASSED [ 71%]
tests/test_person_group_service.py::TestCreateGroup::test_get_or_create_returns_existing PASSED [ 71%]
tests/test_person_group_service.py::TestCreateGroup::test_update_group_renames_and_adds_note PASSED [ 71%]
tests/test_person_group_service.py::TestCreateGroup::test_update_group_note_only_keeps_name PASSED [ 71%]
tests/test_person_group_service.py::TestCreateGroup::test_update_group_empty_description_clears_it PASSED [ 71%]
tests/test_person_group_service.py::TestCreateGroup::test_update_group_empty_name_raises PASSED [ 71%]
tests/test_person_group_service.py::TestCreateGroup::test_update_group_duplicate_name_raises PASSED [ 71%]
tests/test_person_group_service.py::TestCreateGroup::test_update_group_same_name_allowed PASSED [ 71%]
tests/test_person_group_service.py::TestCreateGroup::test_update_group_missing_raises PASSED [ 71%]
tests/test_person_group_service.py::TestMembership::test_set_person_groups_single PASSED [ 71%]
tests/test_person_group_service.py::TestMembership::test_set_person_multiple_groups PASSED [ 71%]
tests/test_person_group_service.py::TestMembership::test_remove_person_from_group PASSED [ 71%]
tests/test_person_group_service.py::TestMembership::test_clear_all_groups PASSED [ 71%]
tests/test_person_group_service.py::TestMembership::test_multiple_persons_same_group PASSED [ 71%]
tests/test_person_group_service.py::TestMembership::test_protected_person_cannot_have_groups PASSED [ 71%]
tests/test_person_group_service.py::TestMembership::test_member_count_in_list PASSED [ 71%]
tests/test_person_group_service.py::TestMembership::test_cascade_delete_group_removes_memberships PASSED [ 72%]
tests/test_person_group_service.py::TestMembership::test_duplicate_group_ids_deduplicated PASSED [ 72%]
tests/test_person_group_service.py::TestAddRemoveMember::test_add_creates_membership PASSED [ 72%]
tests/test_person_group_service.py::TestAddRemoveMember::test_add_is_idempotent PASSED [ 72%]
tests/test_person_group_service.py::TestAddRemoveMember::test_add_protected_person_raises PASSED [ 72%]
tests/test_person_group_service.py::TestAddRemoveMember::test_add_unknown_group_raises PASSED [ 72%]
tests/test_person_group_service.py::TestAddRemoveMember::test_remove_deletes_membership PASSED [ 72%]
tests/test_person_group_service.py::TestAddRemoveMember::test_remove_non_member_returns_false PASSED [ 72%]
tests/test_person_search.py::TestNormalize::test_lowercase PASSED        [ 72%]
tests/test_person_search.py::TestNormalize::test_accent_stripped PASSED  [ 72%]
tests/test_person_search.py::TestNormalize::test_mixed PASSED            [ 72%]
tests/test_person_search.py::TestNormalize::test_no_accents_unchanged PASSED [ 72%]
tests/test_person_search.py::TestNormalize::test_empty PASSED            [ 72%]
tests/test_person_search.py::TestPersonEntry::test_normalized_computed PASSED [ 72%]
tests/test_person_search.py::TestPersonEntry::test_display_text_defaults_to_name PASSED [ 72%]
tests/test_person_search.py::TestPersonEntry::test_display_text_custom PASSED [ 72%]
tests/test_person_search.py::TestPersonEntry::test_search_uses_name_not_display_text PASSED [ 72%]
tests/test_person_search.py::TestSearchPersons::test_empty_query_returns_all PASSED [ 73%]
tests/test_person_search.py::TestSearchPersons::test_whitespace_only_returns_all PASSED [ 73%]
tests/test_person_search.py::TestSearchPersons::test_case_insensitive PASSED [ 73%]
tests/test_person_search.py::TestSearchPersons::test_case_insensitive_upper PASSED [ 73%]
tests/test_person_search.py::TestSearchPersons::test_accent_insensitive_panni PASSED [ 73%]
tests/test_person_search.py::TestSearchPersons::test_partial_match PASSED [ 73%]
tests/test_person_search.py::TestSearchPersons::test_no_results PASSED   [ 73%]
tests/test_person_search.py::TestSearchPersons::test_max_results PASSED  [ 73%]
tests/test_person_search.py::TestSearchPersons::test_prefix_ranked_first PASSED [ 73%]
tests/test_person_search.py::TestSearchPersons::test_no_cross_contamination_same_name PASSED [ 73%]
tests/test_person_search.py::TestSearchPersons::test_accent_o_variants PASSED [ 73%]
tests/test_person_search.py::TestSearchPersons::test_accent_o_with_accented_query PASSED [ 73%]
tests/test_person_search.py::TestSearchPersons::test_not_found_returns_empty PASSED [ 73%]
tests/test_person_search.py::TestSearchPersons::test_subset_not_modified PASSED [ 73%]
tests/test_person_search.py::TestFilterEntries::test_empty_query_returns_all_in_order PASSED [ 73%]
tests/test_person_search.py::TestFilterEntries::test_preserves_incoming_order PASSED [ 73%]
tests/test_person_search.py::TestFilterEntries::test_does_not_rerank_by_prefix PASSED [ 73%]
tests/test_person_search.py::TestFilterEntries::test_filters_accent_insensitive PASSED [ 73%]
tests/test_person_search.py::TestFilterEntries::test_no_results PASSED   [ 74%]
tests/test_person_search.py::TestFilterEntries::test_max_results PASSED  [ 74%]
tests/test_person_search.py::TestPersonSearchSelectReset::test_preselect_best_match_selects_top_when_match_sorted PASSED [ 74%]
tests/test_person_search.py::TestPersonSearchSelectReset::test_preselect_returns_false_without_match_sort PASSED [ 74%]
tests/test_person_search.py::TestPersonSearchSelectReset::test_clear_selection_drops_previous_target PASSED [ 74%]
tests/test_person_search.py::TestPersonSearchSelectReset::test_set_current_by_id_scrolls_selection_into_view PASSED [ 74%]
tests/test_person_search.py::TestPersonSearchSelectReset::test_set_current_by_id_missing_target_scrolls_to_top PASSED [ 74%]
tests/test_person_search.py::TestPersonSearchSelectMatchSort::test_default_sort_orders_list_by_score_desc PASSED [ 74%]
tests/test_person_search.py::TestPersonSearchSelectMatchSort::test_default_sort_does_not_persist_global_preference PASSED [ 74%]
tests/test_person_search.py::TestPersonSearchSelectMatchSort::test_search_preserves_score_order PASSED [ 74%]
tests/test_person_search.py::TestPersonSearchSelectMatchSort::test_no_default_sort_keeps_name_order PASSED [ 74%]
tests/test_person_search.py::TestPersonSearchSelectMatchSort::test_percentage_shown_when_match_sorted PASSED [ 74%]
tests/test_person_search.py::TestPersonIsUnknown::test_named_person_is_not_unknown PASSED [ 74%]
tests/test_person_search.py::TestPersonIsUnknown::test_auto_named_is_unknown PASSED [ 74%]
tests/test_person_search.py::TestPersonIsUnknown::test_protected_is_unknown PASSED [ 74%]
tests/test_person_search.py::TestPersonIsUnknown::test_missing_attributes_default_false PASSED [ 74%]
tests/test_person_search.py::TestSearchPersonsHideUnknown::test_base_list_hides_unknown PASSED [ 74%]
tests/test_person_search.py::TestSearchPersonsHideUnknown::test_base_list_keeps_unknown_when_flag_off PASSED [ 75%]
tests/test_person_search.py::TestSearchPersonsHideUnknown::test_search_reveals_unknown PASSED [ 75%]
tests/test_person_search.py::TestSearchPersonsHideUnknown::test_search_for_named_unaffected PASSED [ 75%]
tests/test_person_search.py::TestPersonSearchSelectUnknown::test_base_list_hides_unknown_by_default PASSED [ 75%]
tests/test_person_search.py::TestPersonSearchSelectUnknown::test_search_reveals_unknown PASSED [ 75%]
tests/test_person_search.py::TestPersonSearchSelectUnknown::test_opt_out_shows_unknown_in_base PASSED [ 75%]
tests/test_person_search.py::TestPersonSearchSelectUnknown::test_match_sort_keeps_unknown_visible PASSED [ 75%]
tests/test_person_service.py::test_list_persons_with_counts PASSED       [ 75%]
tests/test_person_service.py::test_list_persons_thumbnail_fallback_to_crop PASSED [ 75%]
tests/test_person_service.py::test_list_persons_filter_by_name_and_code PASSED [ 75%]
tests/test_person_service.py::test_update_person_normalises_empty_strings PASSED [ 75%]
tests/test_person_service.py::test_rename_rejects_empty_and_protected PASSED [ 75%]
tests/test_person_service.py::test_set_thumbnail_from_face PASSED        [ 75%]
tests/test_person_service.py::test_set_thumbnail_missing_crop_raises PASSED [ 75%]
tests/test_person_service.py::test_set_thumbnail_wrong_person_raises PASSED [ 75%]
tests/test_person_service.py::test_set_thumbnail_face_not_found_raises PASSED [ 75%]
tests/test_person_service.py::test_list_face_crops_orders_by_confidence_and_skips_excluded PASSED [ 75%]
tests/test_person_service.py::test_list_images_for_person_returns_distinct_sorted_paths PASSED [ 76%]
tests/test_person_service.py::test_list_persons_includes_groups_and_flags PASSED [ 76%]
tests/test_person_service.py::test_list_persons_thumbnail_fallback_skips_excluded_faces PASSED [ 76%]
tests/test_person_service.py::test_rename_person_clears_auto_named PASSED [ 76%]
tests/test_person_service.py::test_update_person_ignores_unknown_and_name_fields PASSED [ 76%]
tests/test_person_service.py::test_update_person_writes_all_editable_fields PASSED [ 76%]
tests/test_person_service.py::test_update_person_with_family_code_links_derived_parents PASSED [ 76%]
tests/test_person_service.py::test_link_derived_parents_swallows_errors PASSED [ 76%]
tests/test_person_service.py::test_require_person_raises_for_missing_id PASSED [ 76%]
tests/test_persons_panel_refresh.py::test_mark_stale_refreshes_when_visible PASSED [ 76%]
tests/test_persons_panel_refresh.py::test_mark_stale_defers_until_shown_when_hidden PASSED [ 76%]
tests/test_place_address.py::test_build_display_name_levels PASSED       [ 76%]
tests/test_place_address.py::test_build_place_label_keeps_original_name PASSED [ 76%]
tests/test_place_address.py::test_classify_settlement_only PASSED        [ 76%]
tests/test_place_address.py::test_classify_with_street PASSED            [ 76%]
tests/test_place_address.py::test_classify_full_address PASSED           [ 76%]
tests/test_place_address.py::test_create_place_from_full_address PASSED  [ 76%]
tests/test_place_address.py::test_create_requires_settlement PASSED      [ 77%]
tests/test_place_address.py::test_set_manual_coordinates_overrides_source PASSED [ 77%]
tests/test_place_address.py::test_update_place_address_rebuilds_display PASSED [ 77%]
tests/test_place_address.py::test_custom_name_survives_address_save PASSED [ 77%]
tests/test_place_address.py::test_update_place_address_without_name_falls_back_to_display PASSED [ 77%]
tests/test_place_address.py::test_search_matches_structured_fields PASSED [ 77%]
tests/test_place_address.py::test_find_places_by_settlement PASSED       [ 77%]
tests/test_place_address.py::test_migrate_display_name_backfill PASSED   [ 77%]
tests/test_place_search_select.py::test_enter_on_unmatched_query_requests_create PASSED [ 77%]
tests/test_place_search_select.py::test_enter_on_matching_query_selects_existing PASSED [ 77%]
tests/test_place_search_select.py::test_enter_on_empty_query_does_nothing PASSED [ 77%]
tests/test_place_search_select.py::test_double_click_emits_place_double_clicked PASSED [ 77%]
tests/test_place_search_select.py::test_double_click_without_selection_is_silent PASSED [ 77%]
tests/test_place_service.py::test_place_create_and_image_link PASSED     [ 77%]
tests/test_place_service.py::test_assign_existing_place_by_name PASSED   [ 77%]
tests/test_place_service.py::test_scan_processes_exif_gps_without_blocking_import PASSED [ 77%]
tests/test_place_service.py::test_exif_gps_processing_error_does_not_abort_scan PASSED [ 77%]
tests/test_place_service.py::test_merge_places_moves_images_and_preserves_source_data PASSED [ 78%]
tests/test_place_service.py::test_merge_anonymous_place_clears_is_anonymous PASSED [ 78%]
tests/test_place_service.py::test_merge_anonymous_target_clears_is_anonymous PASSED [ 78%]
tests/test_place_service.py::test_name_place_persists_across_sessions PASSED [ 78%]
tests/test_place_service.py::test_list_persons_for_place_uses_face_assignments PASSED [ 78%]
tests/test_place_service.py::test_place_filters_by_date_and_image_count PASSED [ 78%]
tests/test_place_service.py::test_image_browser_filters_by_place PASSED  [ 78%]
tests/test_place_types.py::test_normalize_place_type_falls_back_to_area PASSED [ 78%]
tests/test_place_types.py::test_default_radius_for_each_type PASSED      [ 78%]
tests/test_place_types.py::test_create_place_defaults_to_area PASSED     [ 78%]
tests/test_place_types.py::test_create_place_explicit_type_and_radius PASSED [ 78%]
tests/test_place_types.py::test_set_coordinates_updates_place PASSED     [ 78%]
tests/test_place_types.py::test_set_coordinates_clears_when_both_none PASSED [ 78%]
tests/test_place_types.py::test_set_coordinates_rejects_partial PASSED   [ 78%]
tests/test_place_types.py::test_set_coordinates_rejects_out_of_range PASSED [ 78%]
tests/test_place_types.py::test_find_nearby_filters_by_type PASSED       [ 78%]
tests/test_place_types.py::test_find_nearby_use_place_radius PASSED      [ 78%]
tests/test_place_types.py::test_exif_prefers_exact_over_area PASSED      [ 78%]
tests/test_place_types.py::test_exif_falls_back_to_area_when_no_exact PASSED [ 79%]
tests/test_place_types.py::test_exif_creates_anonymous_exact_when_nothing_matches PASSED [ 79%]
tests/test_place_types.py::test_set_parent_and_descendants PASSED        [ 79%]
tests/test_place_types.py::test_set_parent_rejects_cycles PASSED         [ 79%]
tests/test_place_types.py::test_set_place_type_resets_radius_to_default PASSED [ 79%]
tests/test_place_types.py::test_set_place_type_explicit_radius_wins PASSED [ 79%]
tests/test_place_types.py::test_list_places_type_filter_and_summary PASSED [ 79%]
tests/test_place_types.py::test_migrate_place_types_backfills_nulls PASSED [ 79%]
tests/test_post_buffer_release.py::test_build_release_post_text_includes_successful_platforms_and_url PASSED [ 79%]
tests/test_post_buffer_release.py::test_select_target_channel_prefers_named_match PASSED [ 79%]
tests/test_post_buffer_release.py::test_empty_buffer_post_mode_falls_back_to_default PASSED [ 79%]
tests/test_post_x_release.py::test_build_release_post_text_includes_successful_platforms_and_url PASSED [ 79%]
tests/test_post_x_release.py::test_build_release_post_text_trims_variants_to_fit_limit PASSED [ 79%]
tests/test_project_package_service.py::test_export_creates_facepack_with_expected_layout PASSED [ 79%]
tests/test_project_package_service.py::test_export_handles_pre_1980_timestamp PASSED [ 79%]
tests/test_project_package_service.py::test_import_restores_pre_1980_timestamp PASSED [ 79%]
tests/test_project_package_service.py::test_external_image_with_windows_path_and_long_name PASSED [ 79%]
tests/test_project_package_service.py::test_export_skips_foreign_windows_path_without_crashing PASSED [ 80%]
tests/test_project_package_service.py::test_is_foreign_windows_path_detection PASSED [ 80%]
tests/test_project_package_service.py::test_safe_file_exists_swallows_oserror PASSED [ 80%]
tests/test_project_package_service.py::test_safe_component_truncates_to_byte_budget PASSED [ 80%]
tests/test_project_package_service.py::test_export_appends_extension_when_missing PASSED [ 80%]
tests/test_project_package_service.py::test_export_reports_missing_image_without_aborting PASSED [ 80%]
tests/test_project_package_service.py::test_validate_rejects_wrong_extension PASSED [ 80%]
tests/test_project_package_service.py::test_validate_rejects_missing_manifest PASSED [ 80%]
tests/test_project_package_service.py::test_validate_rejects_bad_manifest_json PASSED [ 80%]
tests/test_project_package_service.py::test_validate_accepts_real_package PASSED [ 80%]
tests/test_project_package_service.py::test_import_round_trip PASSED     [ 80%]
tests/test_project_package_service.py::test_import_rejects_wrong_extension PASSED [ 80%]
tests/test_project_package_service.py::test_import_rejects_non_empty_destination PASSED [ 80%]
tests/test_project_package_service.py::test_import_refuses_path_traversal_archive PASSED [ 80%]
tests/test_project_package_service.py::test_import_remaps_crop_paths PASSED [ 80%]
tests/test_project_package_service.py::test_import_remaps_image_paths_with_relative_path PASSED [ 80%]
tests/test_project_package_service.py::test_import_remaps_legacy_absolute_only_image PASSED [ 80%]
tests/test_project_package_service.py::test_sanitize_component_handles_windows_illegal_names PASSED [ 81%]
tests/test_project_package_service.py::test_sanitize_archive_path_splits_both_separators PASSED [ 81%]
tests/test_project_package_service.py::test_safe_extract_sanitizes_illegal_member_name PASSED [ 81%]
tests/test_project_package_service.py::test_remap_image_paths_matches_sanitized_extraction PASSED [ 81%]
tests/test_recording_metadata.py::test_begin_writes_pessimistic_record PASSED [ 81%]
tests/test_recording_metadata.py::test_finalize_clean_exit PASSED        [ 81%]
tests/test_recording_metadata.py::test_finalize_crashed_keeps_flag_and_errors PASSED [ 81%]
tests/test_recording_metadata.py::test_resolution_omitted_when_unknown PASSED [ 81%]
tests/test_recording_metadata.py::test_monitors_and_layout_round_trip PASSED [ 81%]
tests/test_recording_timeline_log.py::test_format_timestamp_zero PASSED  [ 81%]
tests/test_recording_timeline_log.py::test_format_timestamp_whole_seconds PASSED [ 81%]
tests/test_recording_timeline_log.py::test_format_timestamp_fractional_seconds PASSED [ 81%]
tests/test_recording_timeline_log.py::test_format_timestamp_negative_clamped PASSED [ 81%]
tests/test_recording_timeline_log.py::test_format_timestamp_rounding PASSED [ 81%]
tests/test_recording_timeline_log.py::test_basic_srt_output PASSED       [ 81%]
tests/test_recording_timeline_log.py::test_person_line_omitted_when_no_person PASSED [ 81%]
tests/test_recording_timeline_log.py::test_consecutive_identical_states_collapse PASSED [ 81%]
tests/test_recording_timeline_log.py::test_person_change_on_same_image_starts_new_block PASSED [ 82%]
tests/test_recording_timeline_log.py::test_partial_written_after_each_note PASSED [ 82%]
tests/test_recording_timeline_log.py::test_finalize_removes_partial PASSED [ 82%]
tests/test_recording_timeline_log.py::test_empty_timeline PASSED         [ 82%]
tests/test_recording_timeline_log.py::test_custom_person_prefix PASSED   [ 82%]
tests/test_remote_image_model.py::TestRemoteImageCreation::test_can_create_remote_image PASSED [ 82%]
tests/test_remote_image_model.py::TestRemoteImageCreation::test_remote_image_repr PASSED [ 82%]
tests/test_remote_image_model.py::TestRemoteImageCreation::test_defaults PASSED [ 82%]
tests/test_remote_image_model.py::TestRemoteImageCreation::test_all_fields PASSED [ 82%]
tests/test_remote_image_model.py::TestRemoteImageRelationship::test_image_remote_image_backref PASSED [ 82%]
tests/test_remote_image_model.py::TestRemoteImageRelationship::test_remote_image_to_image_backref PASSED [ 82%]
tests/test_remote_image_model.py::TestRemoteImageRelationship::test_image_without_remote_has_none PASSED [ 82%]
tests/test_remote_image_model.py::TestRemoteImageRelationship::test_cascade_delete_removes_remote_image PASSED [ 82%]
tests/test_remote_image_model.py::TestRemoteImageRelationship::test_one_to_one_uniqueness PASSED [ 82%]
tests/test_remote_image_model.py::TestRemoteImageRelationship::test_deleted_remote_flag_update PASSED [ 82%]
tests/test_rerecognition_service.py::TestClassification::test_strong_match_is_auto PASSED [ 82%]
tests/test_rerecognition_service.py::TestClassification::test_partial_match_is_suggest PASSED [ 82%]
tests/test_rerecognition_service.py::TestClassification::test_far_match_is_none PASSED [ 83%]
tests/test_rerecognition_service.py::TestClassification::test_named_faces_are_never_candidates PASSED [ 83%]
tests/test_rerecognition_service.py::TestApplyAndUndo::test_auto_merge_moves_face_logs_and_cleans_up PASSED [ 83%]
tests/test_rerecognition_service.py::TestApplyAndUndo::test_undo_restores_face_and_recreates_unknown PASSED [ 83%]
tests/test_rerecognition_service.py::TestApplyAndUndo::test_latest_undoable_batch_tracks_state PASSED [ 83%]
tests/test_rerecognition_worker.py::TestEmitProgress::test_throttles_intermediate_updates PASSED [ 83%]
tests/test_rerecognition_worker.py::TestEmitProgress::test_routes_through_task_context PASSED [ 83%]
tests/test_rerecognition_worker.py::TestExecute::test_nothing_to_do PASSED [ 83%]
tests/test_rerecognition_worker.py::TestExecute::test_classifies_and_applies_auto PASSED [ 83%]
tests/test_rerecognition_worker.py::TestExecute::test_cancel_mid_loop PASSED [ 83%]
tests/test_rerecognition_worker.py::TestRun::test_run_emits_result PASSED [ 83%]
tests/test_rerecognition_worker.py::TestRun::test_run_cancelled PASSED   [ 83%]
tests/test_rerecognition_worker.py::TestRun::test_run_failure_emits_failed PASSED [ 83%]
tests/test_rerecognition_worker.py::TestRun::test_run_in_task_uses_ctx_token PASSED [ 83%]
tests/test_rerecognition_worker.py::TestAiFaceDetection::test_skipped_when_disabled PASSED [ 83%]
tests/test_rerecognition_worker.py::TestAiFaceDetection::test_populates_stats_when_enabled PASSED [ 83%]
tests/test_rerecognition_worker.py::TestAiFaceDetection::test_detection_config_is_threaded_to_service PASSED [ 83%]
tests/test_resource_governor.py::test_ramp_clamps_and_interpolates PASSED [ 84%]
tests/test_resource_governor.py::test_no_throttle_when_idle PASSED       [ 84%]
tests/test_resource_governor.py::test_throttle_proportional_to_work_slice PASSED [ 84%]
tests/test_resource_governor.py::test_throttle_scales_with_weight PASSED [ 84%]
tests/test_resource_governor.py::test_workers_scale_down_with_load PASSED [ 84%]
tests/test_resource_governor.py::test_disabled_override_means_full_speed PASSED [ 84%]
tests/test_resource_governor.py::test_checkpoint_sleeps_under_load PASSED [ 84%]
tests/test_resource_governor.py::test_checkpoint_no_sleep_when_idle PASSED [ 84%]
tests/test_resource_governor.py::test_throttle_aborts_on_cancel PASSED   [ 84%]
tests/test_retroactive_verification_service.py::test_high_confidence_faces_are_exempt PASSED [ 84%]
tests/test_retroactive_verification_service.py::test_verify_all_drops_exemption PASSED [ 84%]
tests/test_retroactive_verification_service.py::test_manual_and_assigned_faces_are_flagged_not_dropped PASSED [ 84%]
tests/test_scan_modes_dialog.py::test_dialog_has_two_tabs PASSED         [ 84%]
tests/test_scan_modes_dialog.py::test_dialog_builds_with_all_cards PASSED [ 84%]
tests/test_scan_modes_dialog.py::test_workflow_signal_emitted PASSED     [ 84%]
tests/test_scan_modes_dialog.py::test_maintenance_signal_emitted PASSED  [ 84%]
tests/test_scan_service.py::TestHashFile::test_consistent_hash PASSED    [ 84%]
tests/test_scan_service.py::TestHashFile::test_different_content_different_hash PASSED [ 84%]
tests/test_scan_service.py::TestScanService::test_scan_finds_correct_files PASSED [ 85%]
tests/test_scan_service.py::TestScanService::test_rescan_skips_unchanged PASSED [ 85%]
tests/test_scan_service.py::TestScanService::test_modified_file_requeued PASSED [ 85%]
tests/test_scan_service.py::TestScanService::test_custom_extensions PASSED [ 85%]
tests/test_screen_recorder_args.py::test_quality_presets PASSED          [ 85%]
tests/test_screen_recorder_args.py::test_macos_args_mic_only PASSED      [ 85%]
tests/test_screen_recorder_args.py::test_macos_args_with_system_audio_mixes PASSED [ 85%]
tests/test_screen_recorder_args.py::test_windows_args_mic_only PASSED    [ 85%]
tests/test_screen_recorder_args.py::test_windows_args_with_system_audio_mixes PASSED [ 85%]
tests/test_screen_recorder_args.py::test_volume_and_mute_controls PASSED [ 85%]
tests/test_screen_recorder_args.py::test_meter_adds_stdout_tap PASSED    [ 85%]
tests/test_screen_recorder_args.py::test_no_audio_uses_an PASSED         [ 85%]
tests/test_screen_recorder_args.py::test_unsupported_platform_raises PASSED [ 85%]
tests/test_screen_recorder_args.py::test_forced_keyframes_at_segment_boundary PASSED [ 85%]
tests/test_screen_recorder_args.py::test_cursor_disabled PASSED          [ 85%]
tests/test_screen_recorder_args.py::test_concat_list_escapes_quotes PASSED [ 85%]
tests/test_screen_recorder_args.py::test_concat_args PASSED              [ 85%]
tests/test_screen_recorder_args.py::test_parse_avfoundation_devices PASSED [ 86%]
tests/test_screen_recorder_args.py::test_parse_dshow_audio_devices PASSED [ 86%]
tests/test_screen_recorder_args.py::test_pick_microphone_prefers_builtin_over_continuity PASSED [ 86%]
tests/test_screen_recorder_args.py::test_pick_system_audio PASSED        [ 86%]
tests/test_screen_recorder_args.py::test_selected_displays_modes PASSED  [ 86%]
tests/test_screen_recorder_args.py::test_displays_bounding_box PASSED    [ 86%]
tests/test_screen_recorder_args.py::test_mode_from_value_defaults_to_all PASSED [ 86%]
tests/test_screen_recorder_args.py::test_resolve_region_windows_all_is_bounding_box_crop PASSED [ 86%]
tests/test_screen_recorder_args.py::test_resolve_region_windows_selected_single_monitor PASSED [ 86%]
tests/test_screen_recorder_args.py::test_resolve_region_windows_active_window_uses_bounds PASSED [ 86%]
tests/test_screen_recorder_args.py::test_capture_screen_indices_skips_cameras PASSED [ 86%]
tests/test_screen_recorder_args.py::test_resolve_region_macos_all_uses_primary_av_index PASSED [ 86%]
tests/test_screen_recorder_args.py::test_resolve_region_macos_falls_back_when_av_index_unknown PASSED [ 86%]
tests/test_screen_recorder_args.py::test_resolve_region_macos_selected_uses_av_index PASSED [ 86%]
tests/test_screen_recorder_args.py::test_resolve_region_macos_active_window_falls_back_to_primary PASSED [ 86%]
tests/test_screen_recorder_args.py::test_effective_fps_reduces_for_multi_monitor PASSED [ 86%]
tests/test_screen_recorder_args.py::test_build_args_windows_with_crop_region PASSED [ 86%]
tests/test_screen_recorder_args.py::test_build_args_windows_with_window_title PASSED [ 87%]
tests/test_screen_recorder_args.py::test_build_args_macos_region_overrides_screen_index PASSED [ 87%]
tests/test_screen_recorder_args.py::test_parse_meter_peak_db PASSED      [ 87%]
tests/test_screen_recorder_args.py::test_parse_ffprobe_audio_present PASSED [ 87%]
tests/test_screen_recorder_args.py::test_parse_ffprobe_audio_missing_and_zero_duration PASSED [ 87%]
tests/test_screen_recorder_args.py::test_audio_diagnostics_explains_missing_system_audio PASSED [ 87%]
tests/test_screen_recorder_args.py::test_audio_diagnostics_reports_mute PASSED [ 87%]
tests/test_screen_recorder_args.py::test_probe_devices_honors_explicit_mic_override PASSED [ 87%]
tests/test_screen_recorder_args.py::test_format_display_label PASSED     [ 87%]
tests/test_screen_recorder_service.py::test_is_macos_and_windows PASSED  [ 87%]
tests/test_screen_recorder_service.py::test_build_audio_filtergraph_single_source PASSED [ 87%]
tests/test_screen_recorder_service.py::test_build_audio_filtergraph_mixes_two_sources PASSED [ 87%]
tests/test_screen_recorder_service.py::test_build_audio_filtergraph_meter_tap PASSED [ 87%]
tests/test_screen_recorder_service.py::test_build_audio_filtergraph_empty PASSED [ 87%]
tests/test_screen_recorder_service.py::test_match_name_exact_and_substring PASSED [ 87%]
tests/test_screen_recorder_service.py::test_match_av_index PASSED        [ 87%]
tests/test_screen_recorder_service.py::test_resolve_system_audio_macos_disabled PASSED [ 87%]
tests/test_screen_recorder_service.py::test_resolve_system_audio_macos_explicit PASSED [ 88%]
tests/test_screen_recorder_service.py::test_is_loopback PASSED           [ 88%]
tests/test_screen_recorder_service.py::test_resolve_ffmpeg_explicit PASSED [ 88%]
tests/test_screen_recorder_service.py::test_resolve_ffprobe_next_to_ffmpeg PASSED [ 88%]
tests/test_screen_recorder_service.py::test_list_audio_devices_empty_without_ffmpeg PASSED [ 88%]
tests/test_screen_recorder_service.py::test_list_audio_devices_macos PASSED [ 88%]
tests/test_screen_recorder_service.py::test_probe_screen_indices_non_macos PASSED [ 88%]
tests/test_screen_recorder_service.py::test_validate_recording_audio_missing_ffprobe PASSED [ 88%]
tests/test_screen_recorder_service.py::test_validate_recording_audio_missing_file PASSED [ 88%]
tests/test_screen_recorder_service.py::test_validate_recording_audio_parses_probe_output PASSED [ 88%]
tests/test_screen_recorder_service.py::TestScreenRecorderService::test_initial_state PASSED [ 88%]
tests/test_screen_recorder_service.py::TestScreenRecorderService::test_start_pause_resume_stop PASSED [ 88%]
tests/test_screen_recorder_service.py::TestScreenRecorderService::test_fail_when_ffmpeg_missing PASSED [ 88%]
tests/test_screen_recorder_service.py::TestScreenRecorderService::test_segment_paths_sorted PASSED [ 88%]
tests/test_screen_recorder_service.py::TestScreenRecorderService::test_audio_validation_summary_error PASSED [ 88%]
tests/test_sface_embedder.py::TestGrayscaleHelpers::test_is_grayscale_detects_bw PASSED [ 88%]
tests/test_sface_embedder.py::TestGrayscaleHelpers::test_is_grayscale_rejects_color PASSED [ 88%]
tests/test_sface_embedder.py::TestGrayscaleHelpers::test_enhance_grayscale_returns_bgr PASSED [ 89%]
tests/test_sface_embedder.py::TestSFaceEmbedder::test_missing_model_raises PASSED [ 89%]
tests/test_sface_embedder.py::TestSFaceEmbedder::test_embed_returns_unit_vector PASSED [ 89%]
tests/test_sface_embedder.py::TestSFaceEmbedder::test_grayscale_input_enhanced PASSED [ 89%]
tests/test_shortcut_context.py::test_context_derived_from_category PASSED [ 89%]
tests/test_shortcut_context.py::test_same_key_allowed_across_pages PASSED [ 89%]
tests/test_shortcut_context.py::test_conflict_within_same_page PASSED    [ 89%]
tests/test_shortcut_context.py::test_global_shortcut_conflicts_across_pages PASSED [ 89%]
tests/test_shortcut_context.py::test_active_context_gates_firing PASSED  [ 89%]
tests/test_shortcut_context.py::test_no_scoping_fallback_is_context_agnostic PASSED [ 89%]
tests/test_shortcut_service.py::test_normalize_key_ignores_modifier_only PASSED [ 89%]
tests/test_shortcut_service.py::test_shortcut_service_all_shortcuts_and_get PASSED [ 89%]
tests/test_shortcut_service.py::test_shortcut_def_defaults_and_context PASSED [ 89%]
tests/test_shortcut_service.py::test_shortcut_def_global_context PASSED  [ 89%]
tests/test_shortcut_service.py::test_shortcut_service_register_and_bind_fires_handler PASSED [ 89%]
tests/test_shortcut_service.py::test_shortcut_service_unregister_removes_qshortcut PASSED [ 89%]
tests/test_shortcut_service.py::test_shortcut_service_set_key_updates_binding PASSED [ 89%]
tests/test_shortcut_service.py::test_shortcut_service_enabled_and_capturing_gate PASSED [ 89%]
tests/test_shortcut_service.py::test_shortcut_service_find_conflict_and_save PASSED [ 90%]
tests/test_shortcut_service.py::test_get_shortcut_service_returns_singleton PASSED [ 90%]
tests/test_shortcut_service.py::test_is_input_widget[lineedit-True] PASSED [ 90%]
tests/test_shortcut_service.py::test_is_input_widget[plain-False] PASSED [ 90%]
tests/test_sparkle_bridge.py::TestBundlePath::test_returns_none_when_not_frozen PASSED [ 90%]
tests/test_sparkle_bridge.py::TestBundlePath::test_returns_app_root_when_frozen PASSED [ 90%]
tests/test_sparkle_bridge.py::TestIsSparkleAvailable::test_false_off_macos PASSED [ 90%]
tests/test_sparkle_bridge.py::TestIsSparkleAvailable::test_false_on_macos_when_not_frozen PASSED [ 90%]
tests/test_sparkle_bridge.py::TestIsSparkleAvailable::test_false_when_helper_missing PASSED [ 90%]
tests/test_sparkle_bridge.py::TestIsSparkleAvailable::test_true_when_helper_present PASSED [ 90%]
tests/test_sparkle_bridge.py::TestStartBackgroundUpdateCheck::test_false_off_macos PASSED [ 90%]
tests/test_sparkle_bridge.py::TestStartBackgroundUpdateCheck::test_false_when_not_in_bundle PASSED [ 90%]
tests/test_sparkle_bridge.py::TestStartBackgroundUpdateCheck::test_launches_helper_when_available PASSED [ 90%]
tests/test_sparkle_bridge.py::TestCheckForUpdates::test_false_off_macos PASSED [ 90%]
tests/test_sparkle_bridge.py::TestCheckForUpdates::test_launches_manual_check PASSED [ 90%]
tests/test_subtitle_service.py::test_subtitle_path_for_video_uses_same_basename PASSED [ 90%]
tests/test_subtitle_service.py::test_exact_recording_srt_is_selected PASSED [ 90%]
tests/test_subtitle_service.py::test_language_suffix_is_not_selected PASSED [ 91%]
tests/test_subtitle_service.py::test_unrelated_subtitle_is_not_selected PASSED [ 91%]
tests/test_subtitle_service.py::test_dotted_language_suffix_is_not_selected PASSED [ 91%]
tests/test_subtitle_service.py::test_case_difference_still_matches PASSED [ 91%]
tests/test_subtitle_service.py::test_only_exact_match_is_selected_among_multiple_srt_files PASSED [ 91%]
tests/test_subtitle_service.py::test_missing_matching_subtitle_returns_none PASSED [ 91%]
tests/test_suggestion_service.py::TestCentroid::test_centroid_is_unit_length PASSED [ 91%]
tests/test_suggestion_service.py::TestCentroid::test_centroid_of_identical_vectors PASSED [ 91%]
tests/test_suggestion_service.py::TestCentroid::test_centroid_normalises_inputs PASSED [ 91%]
tests/test_suggestion_service.py::TestCentroid::test_centroid_empty_raises PASSED [ 91%]
tests/test_suggestion_service.py::TestGenerateSuggestions::test_unknown_matched_to_correct_person PASSED [ 91%]
tests/test_suggestion_service.py::TestGenerateSuggestions::test_no_suggestion_below_threshold PASSED [ 91%]
tests/test_suggestion_service.py::TestGenerateSuggestions::test_config_threshold_controls_output PASSED [ 91%]
tests/test_suggestion_service.py::TestGenerateSuggestions::test_multiple_matches_are_ranked PASSED [ 91%]
tests/test_suggestion_service.py::TestGenerateSuggestions::test_no_named_persons_yields_no_suggestions PASSED [ 91%]
tests/test_suggestion_service.py::TestFaceFiltering::test_excluded_and_unembedded_faces_ignored PASSED [ 91%]
tests/test_suggestion_service.py::TestFaceFiltering::test_person_with_only_excluded_faces_is_not_a_candidate PASSED [ 91%]
tests/test_suggestion_service.py::TestApproveReject::test_rejected_pair_is_not_resuggested PASSED [ 92%]
tests/test_suggestion_service.py::TestApproveReject::test_reject_records_different_correction PASSED [ 92%]
tests/test_suggestion_service.py::TestApproveReject::test_approve_merges_unknown_into_named PASSED [ 92%]
tests/test_task_manager.py::test_priority_ordering PASSED                [ 92%]
tests/test_task_manager.py::test_high_priority_preempts_running_low PASSED [ 92%]
tests/test_task_manager.py::test_preempted_task_auto_resumes PASSED      [ 92%]
tests/test_task_manager.py::test_non_pausable_low_is_not_preempted PASSED [ 92%]
tests/test_task_manager.py::test_manual_pause_frees_slot_and_resume_waits PASSED [ 92%]
tests/test_task_manager.py::test_resume_reclaims_slot_from_lower_priority PASSED [ 92%]
tests/test_task_manager.py::test_set_priority_reorders_queue PASSED      [ 92%]
tests/test_task_manager.py::test_counts_and_active_count PASSED          [ 92%]
tests/test_task_manager.py::test_transient_task_not_kept_in_history PASSED [ 92%]
tests/test_task_manager.py::test_cancel_queued_task PASSED               [ 92%]
tests/test_task_manager.py::test_auto_cleanup_finished_tasks PASSED      [ 92%]
tests/test_tflite_embedder.py::TestLoadTfliteBackendSelection::test_ai_edge_litert_preferred PASSED [ 92%]
tests/test_tflite_embedder.py::TestLoadTfliteBackendSelection::test_tflite_runtime_fallback PASSED [ 92%]
tests/test_tflite_embedder.py::TestLoadTfliteBackendSelection::test_tensorflow_fallback PASSED [ 92%]
tests/test_tflite_embedder.py::TestLoadTfliteBackendSelection::test_no_backend_raises_import_error PASSED [ 93%]
tests/test_tflite_embedder.py::TestLoadTfliteBackendSelection::test_error_message_includes_attempted_backends PASSED [ 93%]
tests/test_tflite_embedder.py::TestEmbedBatch::test_batch_matches_serial PASSED [ 93%]
tests/test_tflite_embedder.py::TestEmbedBatch::test_empty_batch_returns_empty PASSED [ 93%]
tests/test_tflite_embedder.py::TestHOGFallback::test_embed_returns_normalized_vector PASSED [ 93%]
tests/test_theme.py::TestTheme::test_apply_palette_sets_colors PASSED    [ 93%]
tests/test_theme.py::TestTheme::test_apply_theme_sets_stylesheet PASSED  [ 93%]
tests/test_thumbnail_cache.py::test_missing_path_returns_none PASSED     [ 93%]
tests/test_thumbnail_cache.py::test_loads_and_caches PASSED              [ 93%]
tests/test_thumbnail_cache.py::test_different_size_is_separate_entry PASSED [ 93%]
tests/test_thumbnail_cache.py::test_mtime_change_invalidates PASSED      [ 93%]
tests/test_thumbnail_worker.py::TestThumbnailRunnable::test_emits_ready_with_scaled_image PASSED [ 93%]
tests/test_thumbnail_worker.py::TestThumbnailRunnable::test_failed_when_image_missing PASSED [ 93%]
tests/test_thumbnail_worker.py::TestThumbnailRunnable::test_failed_on_zero_dimensions PASSED [ 93%]
tests/test_thumbnail_worker.py::TestThumbnailRunnable::test_failed_on_exception PASSED [ 93%]
tests/test_ui_dialogs_smoke.py::test_dialog_module_smoke[ai_visualization_window] PASSED [ 93%]
tests/test_ui_dialogs_smoke.py::test_dialog_module_smoke[auto_assignments_tab] PASSED [ 93%]
tests/test_ui_dialogs_smoke.py::test_dialog_module_smoke[auto_merge_review_dialog] PASSED [ 94%]
tests/test_ui_dialogs_smoke.py::test_dialog_module_smoke[collage_node_dialog] PASSED [ 94%]
tests/test_ui_dialogs_smoke.py::test_dialog_module_smoke[export_dialog] PASSED [ 94%]
tests/test_ui_dialogs_smoke.py::test_dialog_module_smoke[face_diagnostics_dialog] PASSED [ 94%]
tests/test_ui_dialogs_smoke.py::test_dialog_module_smoke[family_code_scheme_dialog] PASSED [ 94%]
tests/test_ui_dialogs_smoke.py::test_dialog_module_smoke[gdrive_settings_tab] PASSED [ 94%]
tests/test_ui_dialogs_smoke.py::test_dialog_module_smoke[group_manager_dialog] PASSED [ 94%]
tests/test_ui_dialogs_smoke.py::test_dialog_module_smoke[identity_repair_dialog] PASSED [ 94%]
tests/test_ui_dialogs_smoke.py::test_dialog_module_smoke[ignored_faces_dialog] PASSED [ 94%]
tests/test_ui_dialogs_smoke.py::test_dialog_module_smoke[image_library_dialog] PASSED [ 94%]
tests/test_ui_dialogs_smoke.py::test_dialog_module_smoke[manual_face_dialog] PASSED [ 94%]
tests/test_ui_dialogs_smoke.py::test_dialog_module_smoke[merge_decision_graph_dialog] PASSED [ 94%]
tests/test_ui_dialogs_smoke.py::test_dialog_module_smoke[merge_dialog] PASSED [ 94%]
tests/test_ui_dialogs_smoke.py::test_dialog_module_smoke[move_faces_dialog] PASSED [ 94%]
tests/test_ui_dialogs_smoke.py::test_dialog_module_smoke[object_info_dialog] PASSED [ 94%]
tests/test_ui_dialogs_smoke.py::test_dialog_module_smoke[object_merge_dialog] PASSED [ 94%]
tests/test_ui_dialogs_smoke.py::test_dialog_module_smoke[object_picker_dialog] PASSED [ 94%]
tests/test_ui_dialogs_smoke.py::test_dialog_module_smoke[overlapping_unknown_faces_dialog] PASSED [ 94%]
tests/test_ui_dialogs_smoke.py::test_dialog_module_smoke[person_info_dialog] PASSED [ 95%]
tests/test_ui_dialogs_smoke.py::test_dialog_module_smoke[place_edit_dialog] PASSED [ 95%]
tests/test_ui_dialogs_smoke.py::test_dialog_module_smoke[place_merge_dialog] PASSED [ 95%]
tests/test_ui_dialogs_smoke.py::test_dialog_module_smoke[rename_dialog] PASSED [ 95%]
tests/test_ui_dialogs_smoke.py::test_dialog_module_smoke[rerecognition_history_dialog] PASSED [ 95%]
tests/test_ui_dialogs_smoke.py::test_dialog_module_smoke[rerecognition_review_dialog] PASSED [ 95%]
tests/test_ui_dialogs_smoke.py::test_dialog_module_smoke[scan_modes_dialog] PASSED [ 95%]
tests/test_ui_dialogs_smoke.py::test_dialog_module_smoke[settings_dialog] PASSED [ 95%]
tests/test_ui_dialogs_smoke.py::test_dialog_module_smoke[shortcuts_settings_tab] PASSED [ 95%]
tests/test_ui_dialogs_smoke.py::test_dialog_module_smoke[suggestion_dialog] PASSED [ 95%]
tests/test_ui_dialogs_smoke.py::test_dialog_module_smoke[suggestion_viewer] PASSED [ 95%]
tests/test_ui_dialogs_smoke.py::test_dialog_module_smoke[task_manager_dialog] PASSED [ 95%]
tests/test_ui_dialogs_smoke.py::test_dialog_module_smoke[tpu_status_dialog] PASSED [ 95%]
tests/test_ui_dialogs_smoke.py::test_dialog_module_smoke[update_dialog] PASSED [ 95%]
tests/test_ui_dialogs_smoke.py::test_overlapping_match_dataclass_importable PASSED [ 95%]
tests/test_ui_panels_smoke.py::test_panel_module_smoke[collage_panel] PASSED [ 95%]
tests/test_ui_panels_smoke.py::test_panel_module_smoke[family_search_panel] PASSED [ 95%]
tests/test_ui_panels_smoke.py::test_panel_module_smoke[groups_panel] PASSED [ 96%]
tests/test_ui_panels_smoke.py::test_panel_module_smoke[locations_panel] PASSED [ 96%]
tests/test_ui_panels_smoke.py::test_panel_module_smoke[log_panel] PASSED [ 96%]
tests/test_ui_panels_smoke.py::test_panel_module_smoke[objects_panel] PASSED [ 96%]
tests/test_ui_panels_smoke.py::test_panel_module_smoke[preview_panel] PASSED [ 96%]
tests/test_ui_panels_smoke.py::test_panel_module_smoke[sidebar_panel] PASSED [ 96%]
tests/test_ui_panels_smoke.py::test_preview_panel_accepts_config PASSED  [ 96%]
tests/test_ui_panels_smoke.py::test_objects_panel_imports_cleanly PASSED [ 96%]
tests/test_ui_panels_smoke.py::test_collage_panel_has_empty_state PASSED [ 96%]
tests/test_ui_widgets_smoke.py::test_widget_module_smoke[address_autocomplete_edit] PASSED [ 96%]
tests/test_ui_widgets_smoke.py::test_widget_module_smoke[audio_level_meter] PASSED [ 96%]
tests/test_ui_widgets_smoke.py::test_widget_module_smoke[collapsible_section] PASSED [ 96%]
tests/test_ui_widgets_smoke.py::test_widget_module_smoke[face_timeline_view] PASSED [ 96%]
tests/test_ui_widgets_smoke.py::test_widget_module_smoke[flow_layout] PASSED [ 96%]
tests/test_ui_widgets_smoke.py::test_widget_module_smoke[group_chip_select] PASSED [ 96%]
tests/test_ui_widgets_smoke.py::test_widget_module_smoke[object_gallery_widget] PASSED [ 96%]
tests/test_ui_widgets_smoke.py::test_widget_module_smoke[person_search_select] PASSED [ 96%]
tests/test_ui_widgets_smoke.py::test_widget_module_smoke[place_gallery_widget] PASSED [ 97%]
tests/test_ui_widgets_smoke.py::test_widget_module_smoke[place_map_picker_widget] PASSED [ 97%]
tests/test_ui_widgets_smoke.py::test_widget_module_smoke[place_map_widget] PASSED [ 97%]
tests/test_ui_widgets_smoke.py::test_widget_module_smoke[place_search_select] PASSED [ 97%]
tests/test_ui_widgets_smoke.py::test_widget_module_smoke[recording_controls] PASSED [ 97%]
tests/test_ui_widgets_smoke.py::test_widget_module_smoke[selectable_face_grid] PASSED [ 97%]
tests/test_ui_widgets_smoke.py::test_widget_module_smoke[universal_search_bar] PASSED [ 97%]
tests/test_ui_widgets_smoke.py::test_place_search_select_accepts_places PASSED [ 97%]
tests/test_ui_widgets_smoke.py::test_universal_search_bar_empty_tokens PASSED [ 97%]
tests/test_unknown_merge_service.py::test_scatter_moves_siblings_keeps_selected_manual PASSED [ 97%]
tests/test_unknown_merge_service.py::test_pending_records_source_and_cleans_unknown PASSED [ 97%]
tests/test_unknown_merge_service.py::test_named_source_does_not_scatter PASSED [ 97%]
tests/test_unknown_merge_service.py::test_protected_catchall_does_not_scatter PASSED [ 97%]
tests/test_unknown_merge_service.py::test_auto_confirm_high_similarity_clears_only_matching PASSED [ 97%]
tests/test_unknown_merge_service.py::test_auto_confirm_needs_reference_face PASSED [ 97%]
tests/test_unknown_merge_service.py::test_auto_confirm_disabled_keeps_pending PASSED [ 97%]
tests/test_unknown_merge_service.py::test_confirm_auto_merge_clears_markers PASSED [ 97%]
tests/test_unknown_merge_service.py::test_move_auto_merge_clears_markers PASSED [ 98%]
tests/test_unknown_merge_service.py::test_bulk_reassign_clears_pending PASSED [ 98%]
tests/test_unknown_merge_service.py::test_list_and_count_pending PASSED  [ 98%]
tests/test_unknown_merge_service.py::test_pending_face_gets_decision_graph PASSED [ 98%]
tests/test_unknown_merge_service.py::test_list_pending_exposes_decision_and_bbox PASSED [ 98%]
tests/test_unknown_merge_service.py::test_decision_recorded_when_auto_merge_disabled PASSED [ 98%]
tests/test_unknown_merge_service.py::test_old_row_without_decision_is_tolerated PASSED [ 98%]
tests/test_unknown_merge_service.py::test_delete_face_removes_row PASSED [ 98%]
tests/test_unknown_person_reset_service.py::test_reset_deletes_auto_named_persons_and_unassigns_their_faces PASSED [ 98%]
tests/test_unknown_person_reset_service.py::test_reset_is_a_noop_without_auto_named_persons PASSED [ 98%]
tests/test_update_service.py::test_parse_version[1.2.3-expected0] PASSED [ 98%]
tests/test_update_service.py::test_parse_version[v2.0.1-expected1] PASSED [ 98%]
tests/test_update_service.py::test_parse_version[bad-expected2] PASSED   [ 98%]
tests/test_update_service.py::test_parse_version[1.2-expected3] PASSED   [ 98%]
tests/test_update_service.py::test_is_newer[1.2.3-1.2.2-True] PASSED     [ 98%]
tests/test_update_service.py::test_is_newer[1.2.3-1.2.3-False] PASSED    [ 98%]
tests/test_update_service.py::test_is_newer[1.2.2-1.2.3-False] PASSED    [ 98%]
tests/test_update_service.py::test_is_newer[v2.0.0-1.9.9-True] PASSED    [ 99%]
tests/test_update_service.py::test_pick_asset_macos_dmg_preferred PASSED [ 99%]
tests/test_update_service.py::test_pick_asset_windows_exe_preferred PASSED [ 99%]
tests/test_update_service.py::test_pick_asset_linux_arch_match PASSED    [ 99%]
tests/test_update_service.py::test_pick_asset_no_match_returns_none PASSED [ 99%]
tests/test_update_service.py::test_fetch_latest_release_success PASSED   [ 99%]
tests/test_update_service.py::test_fetch_latest_release_network_error_returns_none PASSED [ 99%]
tests/test_update_service.py::test_fetch_latest_release_no_matching_asset_returns_none PASSED [ 99%]
tests/test_yunet_detector.py::TestYuNetParsing::test_missing_model_raises PASSED [ 99%]
tests/test_yunet_detector.py::TestYuNetParsing::test_backend_name PASSED [ 99%]
tests/test_yunet_detector.py::TestYuNetParsing::test_none_result_returns_empty PASSED [ 99%]
tests/test_yunet_detector.py::TestYuNetParsing::test_landmarks_parsed_in_arcface_order PASSED [ 99%]
tests/test_yunet_detector.py::TestYuNetParsing::test_input_size_and_threshold_pushed_to_net PASSED [ 99%]
tests/test_yunet_detector.py::TestYuNetParsing::test_small_faces_filtered PASSED [ 99%]
tests/test_yunet_detector.py::TestYuNetGeometry::test_geometry_keeps_valid_landmarks PASSED [ 99%]
tests/test_yunet_detector.py::TestYuNetGeometry::test_geometry_rejects_scrambled_landmarks PASSED [ 99%]
tests/test_yunet_detector.py::TestYuNetGeometry::test_geometry_disabled_keeps_scrambled PASSED [ 99%]
tests/test_yunet_detector.py::TestYuNetRealModel::test_loads_and_runs PASSED [100%]

=============================== warnings summary ===============================
tests/test_accel.py::TestOnnxProviders::test_cuda_keeps_priority_on_windows
  /home/rpi5/github_runner/_work/_tool/Python/3.11.15/arm64/lib/python3.11/site-packages/_pytest/unraisableexception.py:67: PytestUnraisableExceptionWarning: Exception ignored in: <function Delegate.__del__ at 0xffff79a67740>
  
  Traceback (most recent call last):
    File "/home/rpi5/github_runner/_work/_tool/Python/3.11.15/arm64/lib/python3.11/site-packages/ai_edge_litert/interpreter.py", line 121, in __del__
      if self._library is not None:
         ^^^^^^^^^^^^^
  AttributeError: 'Delegate' object has no attribute '_library'
  
  Enable tracemalloc to get traceback where the object was allocated.
  See https://docs.pytest.org/en/stable/how-to/capture-warnings.html#resource-warnings for more info.
    warnings.warn(pytest.PytestUnraisableExceptionWarning(msg))

tests/test_debug_info.py::TestComputeLayerActivations::test_returns_relu_hidden_layers
tests/test_debug_info.py::TestComputeDecisionPath::test_returns_none_without_activations
  /home/rpi5/github_runner/_work/_tool/Python/3.11.15/arm64/lib/python3.11/site-packages/sklearn/neural_network/_multilayer_perceptron.py:785: ConvergenceWarning: Stochastic Optimizer: Maximum iterations (1) reached and the optimization hasn't converged yet.
    warnings.warn(

tests/test_deep_classifier.py: 45 warnings
tests/test_deep_recognition_service.py: 6 warnings
tests/test_match_scoring_deep.py: 9 warnings
  /home/rpi5/github_runner/_work/_tool/Python/3.11.15/arm64/lib/python3.11/site-packages/sklearn/neural_network/_multilayer_perceptron.py:785: ConvergenceWarning: Stochastic Optimizer: Maximum iterations (300) reached and the optimization hasn't converged yet.
    warnings.warn(

-- Docs: https://docs.pytest.org/en/stable/how-to/capture-warnings.html
- generated xml file: /home/rpi5/github_runner/_work/local_ai_face_recognizer/local_ai_face_recognizer/test-reports/linux-arm64/latest.junit.xml -
================================ tests coverage ================================
_______________ coverage: platform linux, python 3.11.15-final-0 _______________

Name                                                 Stmts   Miss  Cover   Missing
----------------------------------------------------------------------------------
app/accel.py                                            73      7    90%   66-71, 76, 165
app/clustering/clusterer.py                             42      2    95%   108, 110
app/config.py                                          292     26    91%   748, 1185-1187, 1210, 1223-1234, 1239, 1246, 1253, 1260, 1266-1277
app/crash_diagnostics.py                               130    130     0%   27-252
app/db/database.py                                     213     38    82%   199-200, 224-285, 352-355, 616, 662, 668, 743, 801, 817-834, 863, 896-898, 908
app/db/models.py                                       526     27    95%   120, 195, 369, 398, 427, 482, 530, 713-715, 718, 724, 805, 813, 862, 932, 972, 1057, 1115, 1170, 1248, 1340, 1409, 1454, 1486, 1628, 1690
app/deep/classifier.py                                 403     19    95%   137, 140, 224, 258-259, 330-331, 436, 475, 481, 494, 504, 536-537, 658, 694, 704, 726, 755
app/deep/dataset.py                                     94      9    90%   87, 91, 104, 106, 108, 115, 117, 119, 156
app/deep/debug_info.py                                  87      4    95%   144-145, 162, 218
app/detectors/base.py                                   51      7    86%   82-88
app/detectors/composite_detector.py                     69      4    94%   90-91, 140, 147
app/detectors/coral_detector.py                        101     51    50%   27, 42, 45, 63-69, 71, 79-89, 128-141, 145, 153-192
app/detectors/cpu_detector.py                          112     69    38%   71-90, 105-113, 124, 148-152, 159-176, 181-184, 190-221, 225-245
app/detectors/factory.py                               117     78    33%   26, 82-113, 125-178, 194-201, 214-227, 234-245, 268-274
app/detectors/insightface_detector.py                   77     56    27%   57, 68-105, 118-147, 152-159, 163-174
app/detectors/landmark_geometry.py                      86      5    94%   121, 133, 149, 163, 176
app/detectors/yunet_detector.py                         77      7    91%   105-109, 119, 139, 175
app/diagnostics.py                                     105     31    70%   59-62, 67-71, 78-81, 95-96, 114, 124-126, 132, 140-147, 152-155
app/embeddings/alignment.py                             71      7    90%   104, 113, 149, 179-180, 188, 198
app/embeddings/base.py                                  14      1    93%   43
app/embeddings/coreml_embedder.py                       79     54    32%   56-75, 85, 88-91, 99, 106-118, 122-133, 137-138, 155-176
app/embeddings/insightface_embedder.py                  68     68     0%   18-151
app/embeddings/tflite_embedder.py                      154     31    80%   95-99, 106-124, 180-185, 210, 215-217, 229, 233, 241-243, 257-258, 265-266, 332, 340
app/gdrive/cache.py                                    115     51    56%   62-75, 83-98, 115-122, 154, 173-183, 193, 197-207
app/gdrive/credential_store.py                         242     82    66%   65, 69, 171-179, 191-196, 205-207, 212-215, 227-246, 249-250, 253-254, 257-262, 273-274, 290-301, 311-312, 327-329, 337-338, 345-346, 361-362, 383-384, 405-409, 415-416
app/gdrive/dotenv_loader.py                             38      2    95%   89-90
app/gdrive/drive_client.py                             185     43    77%   207-210, 306, 316-318, 321-333, 337-356, 372-394
app/gdrive/drive_scan_service.py                       106      3    97%   113-114, 251
app/gdrive/oauth_flow.py                                61      6    90%   102, 130-131, 141, 158-159
app/gdrive/project_session.py                          331     49    85%   112, 192, 239, 251-252, 299-303, 309-310, 331-332, 336, 362, 367-381, 416-420, 474, 488-489, 496, 499, 503-509, 522, 528-531, 551-553, 563-565, 580-581
app/jobs/cancellation.py                                30      2    93%   63, 74
app/logging_setup.py                                    36      2    94%   86-87
app/main.py                                             83     70    16%   44-177, 181
app/paths.py                                            86     40    53%   33-36, 52-57, 62-67, 72-74, 89-91, 107-108, 121, 123-125, 129, 155-167, 185, 187-188
app/perf.py                                            120     10    92%   138-148, 167
app/services/ai_face_detection_service.py              139     13    91%   107, 156-161, 163, 242-243, 247-249, 291, 332
app/services/clustering_service.py                     227     48    79%   82-83, 109-110, 124, 190, 196, 203-209, 214, 332-339, 349-350, 383-384, 430, 457-468, 481-488
app/services/collage_parser.py                         179     26    85%   104-109, 124-125, 139-140, 168-169, 218, 239, 243-245, 252, 265-274
app/services/collage_service.py                        218     10    95%   152, 260, 277, 350-351, 481, 503-505, 536
app/services/database_package_service.py               329     44    87%   204, 248-250, 256-257, 366-367, 370-371, 383-385, 392, 400-402, 439, 460, 569-570, 582, 598-604, 619, 626, 629, 651, 661, 674-675, 685-688, 724, 744, 747, 749, 770-773
app/services/deep_recognition_service.py               481     88    82%   125-126, 174-175, 190, 207, 210, 213, 219-221, 245-252, 254, 266-273, 281-307, 361-362, 382, 411-412, 440, 461-462, 466-471, 545-546, 550-552, 586, 628, 668-721, 727, 780, 783, 796, 811, 816, 830, 891, 933, 958-959, 991, 1010, 1024-1026
app/services/deoldified_pairing_service.py             171     14    92%   141, 222, 247, 297, 407, 410, 419-429
app/services/dependency_installer.py                    73     51    30%   68-73, 77, 87-112, 121-147, 152-160
app/services/detection_run_logger.py                    99     77    22%   38-48, 55-61, 68-70, 79-80, 100-113, 121-157, 162, 169-173, 176-179, 182-183, 186-196, 200
app/services/detection_service.py                      234     51    78%   74, 132-133, 142-143, 151-154, 161, 173-174, 176-177, 182-183, 196, 206-222, 242-245, 248-250, 334, 349, 387-388, 401, 433, 440-444, 460, 498, 504-509, 538, 540, 565-566
app/services/docker_export_service.py                  128     86    33%   35, 64-119, 126-135, 161-178, 185-192, 199-210, 213-214, 221-238, 241-246, 249
app/services/duplicate_unknown_face_finder.py          213     12    94%   169, 171, 247, 260, 299, 301, 307, 326, 330, 345, 404, 466
app/services/embedding_service.py                      140     36    74%   75, 83, 127, 151-163, 172, 175, 184-209, 247-248, 282-287, 299, 357-359
app/services/export_service.py                         820    257    69%   77-101, 120-136, 166-203, 252, 313, 318, 343, 355, 553-556, 608-626, 653-655, 675-677, 683-685, 741, 752, 756, 772, 801-858, 869-973, 989-990, 1010-1023, 1032-1047, 1051-1054, 1058-1062, 1065-1092, 1096-1103, 1128, 1148, 1191, 1236, 1280-1281, 1283, 1285, 1302, 1721-1731, 1736, 1791, 1798, 1810, 1823-1831, 1859, 1862, 1865, 1879, 1889-1890, 1924-1925, 1990-1992, 1995, 2004-2008, 2020-2021, 2038-2039, 2048-2049, 2119, 2124-2134, 2139, 3422
app/services/face_crop_service.py                       89     14    84%   44, 48-49, 52-57, 78, 101, 107-108, 174-176, 193, 198
app/services/face_date_service.py                       33      2    94%   32, 68
app/services/face_diagnostics_service.py                88      3    97%   151, 154, 181
app/services/face_geometry_cleanup_service.py           96     11    89%   116, 178, 184, 210-217
app/services/face_grouping_service.py                   98      7    93%   51, 158-159, 167-169, 184
app/services/face_metadata_export_service.py           170     22    87%   127, 135-140, 228, 251-252, 308, 329-330, 340-342, 369-370, 405, 442-444
app/services/face_quality_service.py                    69      1    99%   143
app/services/face_verification_service.py              110     18    84%   51, 118-121, 127-128, 132-133, 155-158, 161, 195, 218-220
app/services/family_code_interpreter.py                367     27    93%   209, 275, 295, 305, 412, 423, 446, 449, 463, 466, 471, 505, 525-526, 550, 553, 557-558, 663-664, 676, 694, 703-704, 773, 791, 804
app/services/family_code_schemes.py                    227     20    91%   148, 159, 169, 209-212, 217, 233-236, 348-350, 355, 371, 388-390, 402, 410, 426, 438, 475
app/services/family_service.py                         554    124    78%   160-161, 163, 173, 189, 211, 213, 234, 282-291, 294-295, 298-299, 302-303, 306-307, 339, 363, 376, 391, 394-395, 401-406, 414-419, 430, 443, 459, 493, 520, 537, 550, 621-622, 627, 651, 669, 711-717, 721-734, 759, 799, 801-802, 835, 874-881, 903, 914-920, 1023-1039, 1072, 1095, 1104, 1113, 1121, 1140, 1149-1153, 1182-1184, 1201, 1220, 1229-1230, 1234-1238, 1242-1246
app/services/family_tree_service.py                    299     10    97%   85, 128, 193, 202, 245, 289, 337, 530, 605, 617
app/services/geocoding/factory.py                       43      3    93%   53-55
app/services/geocoding/nominatim_provider.py           105     30    71%   65-67, 70-82, 93, 135, 151, 171, 178, 196, 202, 215-228, 239-240
app/services/geocoding_service.py                      131     34    74%   58, 69, 93, 97, 103-109, 123, 132-134, 144-156, 168, 242-243, 265-267
app/services/gmail_check.py                             36     36     0%   10-89
app/services/identity_repair_service.py                187     12    94%   132, 148, 187, 254, 256, 259, 262, 265, 267, 271, 319, 323
app/services/identity_service.py                       331     17    95%   288-290, 371-374, 405, 411-412, 487, 521, 570, 578, 582, 762, 822
app/services/ignored_face_service.py                   151     10    93%   80, 130, 132, 152, 154, 228, 260, 267, 319, 323
app/services/image_browser_service.py                  103     10    90%   147-162, 167-174, 256
app/services/image_library_service.py                  175     21    88%   74, 94-96, 113, 278-282, 332-333, 357-360, 390-394, 403-404
app/services/image_metadata_export_service.py          200     10    95%   137-138, 173-174, 219-220, 262, 274-275, 345
app/services/image_path_matcher.py                     279     34    88%   228, 244, 269-270, 276, 291, 359, 364-366, 399-401, 443, 446-447, 458, 460, 473-474, 482-486, 504-506, 512-514, 543-544, 595, 598-599
app/services/intra_image_consistency_service.py        199     18    91%   83, 128-129, 161-165, 175, 215, 219, 241, 253, 294, 344, 351-354, 389, 415, 419
app/services/intra_image_duplicate_service.py          122     15    88%   111, 119-123, 131, 135, 161-162, 167, 172, 194-196, 219, 257, 261
app/services/local_server_export_service.py            150    101    33%   66-160, 190-212, 234-235, 261-290
app/services/match_scoring.py                          139     35    75%   87, 121, 139, 152-154, 192, 197-199, 206-210, 233-236, 240-242, 261, 266, 269, 273-275, 298-308
app/services/multi_stage_face_validator.py             205     81    60%   65-73, 81-87, 183, 195-202, 210-214, 228, 254, 263, 306-308, 312-313, 318-322, 337-338, 341-354, 367-368, 371-394, 417-430
app/services/object_service.py                         309     24    92%   118, 255-257, 276, 290, 366-369, 485, 512, 523, 535, 617, 626-629, 718, 744, 785, 805, 825
app/services/overlap_resolution_service.py             155     15    90%   83, 90, 92-96, 134, 171, 188, 195-198, 225, 237, 241, 261, 265
app/services/person_group_service.py                   119      7    94%   112, 123, 126, 165, 178, 211, 259
app/services/place_service.py                          429     31    93%   218-219, 243, 272-273, 282, 341-342, 353, 357, 385, 473, 486, 488, 490, 492, 521, 533, 619, 682, 686, 688, 690, 692, 702, 730, 766, 775, 789, 848, 854
app/services/project_package_service.py                578    113    80%   102, 197, 200, 251-252, 285-287, 301, 354, 370-371, 381-384, 432-433, 438-442, 464-468, 542-543, 546-547, 568, 575, 577, 585-587, 642, 648-653, 659, 665, 743, 751, 756, 759, 778-781, 785-788, 820, 829-832, 835-838, 852-855, 881, 896, 932-933, 964, 974, 977, 980, 1005, 1009, 1043-1048, 1060-1062, 1082-1084, 1089, 1106-1107, 1123-1126, 1147, 1150, 1154-1156, 1165-1171, 1178-1179, 1235-1238
app/services/recording_metadata.py                      64      4    94%   92, 96, 143-144
app/services/recording_timeline_log.py                  65      4    94%   141-142, 183-184
app/services/rerecognition_service.py                  188     32    83%   183, 203, 222-229, 252, 293, 310, 346-369, 388-391, 395-400, 413, 445, 471
app/services/retroactive_verification_service.py       155     52    66%   115-119, 156-158, 165-167, 171-173, 179, 191-196, 202, 239-257, 273-277, 290-292, 294-298, 300-302, 312, 319-328
app/services/scan_service.py                           114     11    90%   121, 142-143, 168-170, 218-220, 267-268
app/services/screen_recorder_service.py                717    180    75%   185, 238, 250, 259, 265, 286, 397-398, 583, 627-630, 737, 756, 829-830, 882-883, 885, 946-948, 973-1002, 1008, 1020, 1043-1044, 1061-1074, 1105-1107, 1112-1115, 1169, 1180, 1202, 1209, 1217, 1224, 1234-1255, 1259, 1265-1267, 1273-1303, 1306-1319, 1323-1342, 1345-1359, 1362-1382, 1385-1386, 1389-1391, 1395-1400, 1411-1414, 1424
app/services/server_settings_store.py                  345    345     0%   20-702
app/services/shortcut_service.py                       196     26    87%   119-121, 127, 170, 205, 233, 253, 268, 307-311, 345-353, 368, 371-372
app/services/subtitle_service.py                        20      3    85%   27-28, 32
app/services/suggestion_service.py                     148      8    95%   131, 199, 225-229, 296-298, 302
app/services/unknown_merge_service.py                  194     11    94%   142, 145, 194, 281, 298, 441, 460, 499, 566-568
app/services/unknown_person_reset_service.py            55      8    85%   73, 117-127
app/services/update_service.py                         201    122    39%   63, 66, 111-115, 127-131, 136, 147-185, 190-209, 214-271, 276-326, 331-412, 417-437, 442-468
app/services/vector_scoring.py                         155     41    74%   51-52, 76-77, 197, 223, 228-232, 254, 284, 286, 319, 323, 337, 362-404, 415
app/tasks/manager.py                                   369     72    80%   78-79, 97-99, 103-105, 123, 145, 184-185, 188-203, 278-282, 288-292, 297, 306-309, 312-315, 334, 396, 398, 400, 420-422, 436-441, 470-471, 485-498, 620, 634, 665
app/tasks/resource_governor.py                         102     10    90%   69, 79-80, 107-109, 118-119, 135-136
app/ui/dialogs/ai_visualization_window.py              739    526    29%   62-65, 68-107, 148-162, 176-197, 219-223, 233-340, 353-354, 357-380, 412-418, 436-445, 457-511, 517, 521-523, 527, 532-556, 567-662, 667-706, 710-741, 759-763, 766-783, 793-794, 802-822, 835-853, 1000-1006, 1012, 1015-1030, 1035-1039, 1042-1048, 1051-1062, 1065-1069, 1072-1082, 1089-1201
app/ui/dialogs/auto_assignments_tab.py                 387    225    42%   59-71, 91-164, 181-261, 267, 270, 273, 415-417, 421-424, 428-434, 437-438, 468-470, 476-491, 494-495, 508-515, 518, 523-560, 563, 573-575, 591-594, 597-600, 603-643, 646-656, 659-667
app/ui/dialogs/auto_merge_review_dialog.py             198    116    41%   56-58, 61-63, 130-133, 144, 149-201, 204-208, 211, 215-217, 221-226, 233-235, 238-260, 263-278, 281-291, 294-298, 301-303
app/ui/dialogs/collage_node_dialog.py                   90     19    79%   115-117, 148-153, 160-175
app/ui/dialogs/docker_export_dialog.py                 121    121     0%   2-201
app/ui/dialogs/export_dialog.py                        571    233    59%   443, 446-460, 471-485, 496-529, 539-586, 602-642, 658-701, 716-720, 723-739, 742-758, 769-804, 815-828, 835-837, 844-851, 854-866, 869-898, 908-932, 935-938, 941-944, 947-950, 953-956, 959-962, 965-968, 971-974, 977-980, 983-986
app/ui/dialogs/face_diagnostics_dialog.py               63     13    79%   100-112
app/ui/dialogs/family_code_scheme_dialog.py            572    139    76%   353-354, 361, 364-369, 376-387, 471, 483, 520-523, 530-532, 538-544, 548-558, 562-567, 571-572, 581, 607-608, 630, 657, 684-689, 695, 698, 701-703, 712-714, 718-730, 735, 737, 740-742, 747-764, 768-777, 781-794, 798-817, 827-828, 832-834
app/ui/dialogs/family_tree_editor_dialog.py            440    104    76%   71, 79, 112, 210-218, 225, 235-237, 242-243, 248-256, 300-331, 334, 337, 340, 438-439, 482, 505-507, 518, 521, 526, 530, 536-557, 579-584, 588-593, 597, 611, 614, 631-635, 657-664, 681-684
app/ui/dialogs/folder_list_dialog.py                    57     57     0%   3-103
app/ui/dialogs/gdrive_settings_tab.py                  309    139    55%   61-72, 82-84, 87-99, 257-261, 268-271, 292, 313, 316, 327-349, 352-362, 365-370, 373-376, 379-401, 408-441, 444-457, 460-462, 465-473, 480-488, 491-493, 500-501
app/ui/dialogs/group_manager_dialog.py                 455    163    64%   55-78, 81-82, 85-86, 89, 101-124, 282-284, 321, 339-341, 343-344, 379-381, 404-408, 411-419, 444, 456, 458-464, 472, 484, 492, 497-499, 517, 529, 535-537, 541-601, 605, 608, 617-623, 630, 638-654, 657-686, 710, 715
app/ui/dialogs/identity_repair_dialog.py                93     38    59%   55, 58, 89, 106-133, 137-153, 156-160
app/ui/dialogs/ignored_faces_dialog.py                  95     32    66%   58, 99-113, 124, 127-132, 135-152
app/ui/dialogs/image_library_dialog.py                 106     58    45%   81-88, 92, 106-108, 111-122, 143-151, 154-178, 181-188, 191-193, 196-209
app/ui/dialogs/image_path_repair_dialog.py             360    109    70%   213, 222-226, 229-230, 240-278, 281-285, 289, 294, 299-300, 313-319, 322-327, 393, 395-409, 420, 427, 438, 443, 456-475, 490, 498-528, 531-546, 554-557
app/ui/dialogs/local_server_export_dialog.py           190    190     0%   2-292
app/ui/dialogs/manual_face_dialog.py                   239    165    31%   43-47, 50-54, 57-59, 62-71, 74, 77-78, 81-88, 105-120, 123-152, 155-164, 168-196, 199, 202-265, 268, 276-285, 343-349, 352-362, 365-367
app/ui/dialogs/merge_decision_graph_dialog.py          350    286    18%   70-75, 85-114, 145-169, 177-181, 191-202, 214-217, 241-271, 276-316, 321-329, 332-334, 337-343, 347-385, 388-400, 404-411, 420-429, 443-461, 466-494, 497-508, 513-559, 564-587, 590, 594-596, 600-603
app/ui/dialogs/merge_dialog.py                          51     17    67%   60, 81, 85-86, 114-128, 131-135, 138-139, 143
app/ui/dialogs/object_info_dialog.py                    58     13    78%   70, 74-75, 78-92
app/ui/dialogs/object_merge_dialog.py                   34      5    85%   39, 54-55, 59-60
app/ui/dialogs/object_picker_dialog.py                 115     39    66%   115-117, 119-124, 127-129, 132-134, 143-145, 148-168, 174, 178
app/ui/dialogs/overlapping_unknown_faces_dialog.py     282    156    45%   62-74, 87-104, 118, 125-156, 159-162, 165-168, 194-196, 203-215, 218-235, 250-274, 280-288, 293-294, 297-298, 329, 332, 376, 378, 414-435, 443-445, 450-453, 456-458, 461-462, 465-473
app/ui/dialogs/person_info_dialog.py                   324     65    80%   57-105, 263-264, 306-308, 358-363, 461-462, 506-510, 517, 520-521, 527, 530, 533, 536, 539, 542, 545, 548, 551, 554, 568-598
app/ui/dialogs/person_picker_dialog.py                 107     40    63%   86-87, 99, 104-105, 123, 143-147, 150-157, 164-165, 172-175, 178-179, 183-186, 189-190, 193-199, 207, 211-213, 217
app/ui/dialogs/place_edit_dialog.py                    319    152    52%   167-170, 217-256, 263-264, 271-277, 280-284, 287-291, 294-298, 301-305, 308, 311-320, 323-329, 338-350, 355, 369-371, 375, 378-383, 387, 399-407, 414-420, 426-431, 442, 447-448, 451-464, 467-473, 490-492
app/ui/dialogs/place_merge_dialog.py                    57      8    86%   42, 45, 50, 73-77
app/ui/dialogs/rename_dialog.py                         20      1    95%   46
app/ui/dialogs/rerecognition_history_dialog.py         106     51    52%   87-89, 92-106, 111-122, 125-144, 155-171
app/ui/dialogs/rerecognition_review_dialog.py          153     60    61%   144-171, 175-178, 183-188, 195-201, 206-223, 226-227, 230-242
app/ui/dialogs/reset_unknown_options_dialog.py          53     53     0%   3-105
app/ui/dialogs/scan_modes_dialog.py                    135      9    93%   234-243
app/ui/dialogs/server_profile_dialogs.py               279    279     0%   14-422
app/ui/dialogs/settings_dialog.py                     1214    573    53%   49-51, 60-61, 74-93, 102-103, 106-114, 123-125, 128-140, 157-158, 161-191, 207-208, 257-261, 272-280, 479-573, 577-626, 630-697, 701-707, 710-713, 717-718, 722-724, 827-849, 857-862, 865-877, 882-886, 1043, 1134, 1152-1159, 1294, 1331-1341, 1347-1366, 1370-1373, 1376-1388, 1391-1402, 1407-1447, 1456-1460, 1463-1464, 1479-1495, 1498-1501, 1504-1507, 1517-1520, 1526-1531, 1542, 1545-1561, 1564-1616, 1623-1629, 1632-1638, 1645-1685, 1689-1733, 1743-1870, 1873, 1876
app/ui/dialogs/shortcuts_settings_tab.py               207     83    60%   97-98, 106-113, 116-122, 125-127, 131-135, 140, 224, 228-238, 241-245, 248-261, 264, 267-275, 280-309
app/ui/dialogs/suggestion_dialog.py                    136     84    38%   48-55, 61-70, 73-97, 100-104, 107-114, 122-124, 128, 132, 150-175, 181-182, 185-186, 189-196, 259, 262-263, 268
app/ui/dialogs/suggestion_viewer.py                    334    235    30%   67-74, 99, 123-129, 142-157, 173-189, 192-194, 197-205, 208-225, 228-254, 275-308, 317-340, 360-396, 399-401, 404-416, 421-425, 453-458, 511-516, 531-532, 542, 545-547, 552-560, 578-616
app/ui/dialogs/task_manager_dialog.py                  527    297    44%   124-125, 128-129, 132-138, 141-144, 147-190, 203-210, 244-254, 263-264, 296-298, 341-344, 353-362, 386-388, 391-393, 398, 400-401, 407-419, 425-459, 477-478, 483-544, 643-647, 654, 661-734, 737-796, 801-804, 820-821, 824-826, 829-832, 835, 839-846
app/ui/dialogs/tpu_status_dialog.py                    176     55    69%   38, 123, 150-151, 161-162, 170, 174-175, 193-203, 228-229, 232-250, 285, 288, 293, 298-299, 301, 307, 309-311, 375-382, 385-390
app/ui/dialogs/update_dialog.py                        131     61    53%   39-40, 43-53, 86-91, 153-170, 173-180, 183-206, 209-212, 215-226
app/ui/display_utils.py                                 33      2    94%   54-55
app/ui/gc_guard.py                                      21     21     0%   23-66
app/ui/helpers/label_placement.py                       69      1    99%   120
app/ui/helpers/thumbnail_cache.py                       51      5    90%   61, 70, 76, 81-85
app/ui/i18n.py                                          58     16    72%   19-23, 3947-3952, 3958-3959, 3967, 3970-3971
app/ui/main_window.py                                 2544   1809    29%   85-87, 92-94, 200, 204-208, 350-353, 557-560, 706-719, 723-736, 742-766, 769-772, 776-779, 783-792, 800-812, 820-834, 838-840, 844-846, 850-852, 856-866, 870-880, 884-930, 940-959, 963-964, 969-971, 974-977, 982-984, 987-990, 994-1053, 1058-1088, 1099-1156, 1165-1259, 1263-1283, 1287-1288, 1297, 1301-1310, 1314, 1318-1320, 1324-1326, 1330-1342, 1352-1360, 1365, 1369-1370, 1377-1389, 1393-1418, 1429-1456, 1472-1543, 1550-1624, 1628-1640, 1648-1682, 1690-1704, 1713-1715, 1717-1719, 1725-1749, 1754, 1759-1762, 1767-1812, 1817-1846, 1850-1856, 1861-1873, 1882-1908, 1913-1932, 1937-1949, 1957-1999, 2006-2136, 2140-2155, 2161-2198, 2201-2208, 2211-2243, 2246, 2249, 2252, 2256-2261, 2264-2271, 2275-2286, 2299, 2302-2303, 2306-2321, 2334-2358, 2369-2371, 2376-2377, 2381-2389, 2396-2400, 2410, 2413, 2459-2463, 2471-2495, 2499-2500, 2508-2543, 2547-2553, 2557-2571, 2575-2593, 2598-2615, 2620-2623, 2628-2637, 2644-2649, 2654-2656, 2661-2670, 2675-2676, 2681-2703, 2708-2723, 2728-2733, 2740-2751, 2755-2774, 2781-2869, 2876-2943, 2951-2971, 2975-3025, 3029-3091, 3100-3105, 3109-3124, 3128-3186, 3194-3198, 3202-3283, 3286-3301, 3305-3341, 3350-3398, 3403-3431, 3446-3467, 3474-3478, 3487-3541, 3545-3621, 3625-3690, 3701-3720, 3729-3803, 3808-3901, 3905-3961, 3978, 3985, 3988-3991, 4009-4013, 4016-4035, 4043-4057, 4061-4068, 4075-4100, 4105-4130, 4139-4141, 4151, 4158, 4162-4170, 4187-4206, 4210-4216, 4223-4225, 4287, 4292-4303, 4309-4311, 4342-4343, 4351-4360, 4366-4367, 4372, 4394, 4397-4429, 4443-4471, 4483-4499, 4502-4507, 4510-4515
app/ui/panels/cluster_panel.py                         627    249    60%   68-77, 80-100, 103-107, 110-117, 125-127, 166, 178, 195, 207-210, 225-244, 249-264, 274-276, 279-280, 283-285, 288-289, 305-346, 353-363, 366-371, 374-407, 410-414, 417-424, 432-434, 471, 475, 484-485, 490-491, 494-498, 501-502, 686, 707, 719-727, 731-732, 767-768, 815, 838, 930, 934, 938-943, 946-958, 969, 980-990, 996-999
app/ui/panels/collage_panel.py                         280    182    35%   72-82, 85-87, 90-92, 95-97, 106-112, 131-135, 138-139, 142-143, 146-147, 232-259, 263-267, 275-279, 282-283, 286-368, 376-419, 427-457, 466-470
app/ui/panels/family_search_panel.py                   224     75    67%   231-233, 242-247, 254-298, 316-317, 320-321, 324-326, 329-344, 347-359, 362-368, 376-378, 384-386
app/ui/panels/family_tree_panel.py                     363     62    83%   285-300, 304-305, 333-335, 367-368, 378-379, 393-396, 446-457, 466-470, 475, 481-515, 519-526
app/ui/panels/groups_panel.py                           16      1    94%   33
app/ui/panels/image_browser_panel.py                  3906   2651    32%   125-155, 164-179, 191-200, 223-245, 279-367, 374-378, 382-387, 395-401, 405-410, 436-437, 441, 445, 456-510, 522-523, 526-529, 660-677, 688-690, 694, 698, 701-703, 706-708, 711-714, 721, 724-730, 733-742, 745-749, 756, 772-792, 871-874, 877-883, 887-895, 903-904, 908-910, 914-915, 928-929, 935-940, 943-955, 996, 1002, 1028, 1033, 1052, 1085, 1088, 1096-1097, 1109-1154, 1159-1199, 1202-1238, 1241-1290, 1324, 1363-1366, 1371-1411, 1414-1417, 1420-1431, 1436-1487, 1497-1560, 1563-1593, 2415, 2444-2473, 2491-2495, 2499-2504, 2508-2528, 2541-2594, 2603-2604, 2606, 2616, 2645, 2655, 2667, 2669, 2677-2678, 2684-2715, 2720, 2722, 2730, 2744, 2753-2757, 2761-2777, 2791-2799, 2827-2880, 2884-2886, 2891-2905, 2911-2917, 2929-2975, 2987-3019, 3023-3026, 3030-3037, 3040-3042, 3049-3074, 3077-3079, 3087-3101, 3104-3129, 3133-3143, 3146-3150, 3155-3186, 3197-3198, 3201-3205, 3208-3209, 3214-3259, 3262-3275, 3278-3285, 3288-3306, 3311-3317, 3321-3324, 3333-3415, 3430-3437, 3441-3452, 3456-3478, 3486-3511, 3516-3520, 3523-3528, 3531-3535, 3538-3543, 3546-3550, 3553-3558, 3563, 3566, 3570-3584, 3587-3632, 3640-3648, 3652, 3666-3688, 3692-3696, 3710-3745, 3752-3926, 3941-4005, 4010-4016, 4020-4049, 4056-4097, 4100-4205, 4209-4220, 4226-4232, 4236-4240, 4244-4271, 4277-4302, 4309-4322, 4325-4331, 4335-4363, 4367-4404, 4412-4445, 4449-4454, 4457-4499, 4502-4508, 4516-4542, 4548-4599, 4605-4651, 4655-4677, 4685-4689, 4693-4697, 4701-4705, 4711-4722, 4727-4809, 4817-4827, 4831-4860, 4863-4885, 4890-4946, 4956-4973, 4977-4992, 4997-5005, 5008-5019, 5022-5025, 5037, 5070-5091, 5094-5099, 5102-5113, 5116-5119, 5134-5151, 5157-5166, 5173, 5176-5243, 5246-5247, 5263-5285, 5289-5294, 5307-5313, 5316-5321, 5324-5337, 5340-5358, 5361-5402, 5409-5426, 5429-5442, 5450-5459, 5462-5471, 5474-5483, 5487-5493, 5496-5503, 5527-5530, 5533, 5537, 5544, 5547-5576, 5586-5589, 5626-5627, 5631-5659, 5676-5678, 5680-5682, 5684-5686, 5700, 5713-5750, 5754-5763, 5767-5787, 5793-5798, 5801-5807, 5810-5896, 5899-5901, 5906, 5909-5911, 5918-5931, 5934-5948, 5951-5963, 5966-5981, 5994-5998, 6001, 6022-6029, 6032-6059, 6062-6069, 6076-6079, 6082-6104, 6107-6121, 6129-6131, 6135-6137, 6140-6142
app/ui/panels/locations_panel.py                       433    229    47%   75-80, 290-293, 316, 319-324, 329-349, 353-356, 361-372, 375-382, 385-431, 434-444, 447-461, 472-478, 481-520, 524-533, 536-538, 541-584, 592-608, 615-656, 669-688
app/ui/panels/log_panel.py                              44      1    98%   89
app/ui/panels/objects_panel.py                         440    256    42%   67, 79-114, 118, 122, 126, 289-292, 297-309, 315, 319, 344-354, 361-368, 371-375, 378-383, 386-391, 405-463, 470-485, 488-506, 509-514, 517-537, 540-559, 562-575, 583-618, 622-633, 637-639
app/ui/panels/persons_panel.py                         606    304    50%   91-93, 102-123, 126-128, 140-173, 176-177, 180, 434, 471, 473, 511-515, 518-526, 529-536, 543-550, 554-585, 602-612, 622-645, 648-653, 658-662, 665-666, 669-694, 697-699, 702-733, 736-769, 776-803, 817, 820-895, 900-918, 921-922
app/ui/panels/preview_panel.py                        1021    742    27%   86-111, 120-210, 214-217, 233-248, 260-275, 278-280, 283-291, 294-311, 314-346, 418-423, 433-438, 441-442, 450-454, 457-465, 468-471, 474-478, 481-483, 494-502, 505-515, 518-524, 531-548, 551-560, 563-576, 579-581, 584-587, 594-600, 610-650, 654-787, 793-840, 1074-1078, 1081-1086, 1089-1093, 1096-1101, 1105, 1119-1197, 1201-1206, 1209-1235, 1239, 1244, 1251-1264, 1267-1271, 1278-1281, 1284, 1295-1370, 1374-1406, 1409-1415, 1418-1422, 1427-1435, 1439, 1442-1465, 1468-1476, 1479-1494, 1498-1511, 1514-1515, 1518-1523, 1526-1527, 1530-1531, 1534-1539, 1543-1554, 1559-1574
app/ui/panels/sidebar_panel.py                         244    125    49%   67-72, 81-108, 117-133, 140-159, 162-188, 196-198, 207-224, 228-235, 238-249, 256-257, 264-265, 268-270, 364, 385-391, 396, 401-403, 407-414, 439-443, 446-447, 450-451
app/ui/widgets/address_autocomplete_edit.py            100     55    45%   82, 85-88, 95-99, 102, 109-116, 119-136, 143-153, 156-157, 160-164, 167-168
app/ui/widgets/audio_level_meter.py                     85     45    47%   58-62, 74-84, 89, 94-96, 99-132
app/ui/widgets/collapsible_section.py                   31      3    90%   63-65
app/ui/widgets/face_timeline_view.py                   265     49    82%   168, 225, 233-238, 245, 250-254, 310-311, 314-315, 329-337, 340-345, 348-364, 367-373
app/ui/widgets/family_tree_view.py                     570     58    90%   210, 217-219, 230, 241, 245-246, 249-250, 265, 275, 317, 354, 496, 500, 541, 559, 596-599, 729, 771, 794, 799, 811-817, 820-823, 826-830, 835-838, 841-849, 862, 864, 868, 875
app/ui/widgets/flow_layout.py                           82     20    76%   39-41, 44-46, 52, 58-59, 62, 65-69, 87, 130, 136-138
app/ui/widgets/group_chip_select.py                    265    149    44%   52-74, 103-110, 166-167, 170-172, 270-274, 281-283, 291-295, 308-310, 317-346, 357, 360-371, 380, 383-404, 407-413, 416-419, 422-429, 432-452, 460-465, 473-494
app/ui/widgets/object_gallery_widget.py                163     90    45%   41-52, 59-71, 81-87, 90-91, 96-99, 102-104, 107, 157-159, 165-177, 180-195, 202, 205-213, 216, 226-236
app/ui/widgets/person_search_select.py                 264     62    77%   252-258, 294, 298, 388-389, 396-397, 413-416, 427-430, 433-438, 449-482, 494, 498-500
app/ui/widgets/place_gallery_widget.py                 195    100    49%   39-45, 49-50, 56, 59-63, 66-68, 71, 75, 87-89, 98, 101-103, 110-138, 141-143, 200-202, 208-222, 225-230, 233-243, 250, 253-262, 265-267, 270-272, 275-277
app/ui/widgets/place_map_picker_widget.py               98     44    55%   27, 143, 147, 193-217, 222-228, 235-240, 245-249, 252-253, 256-257, 262
app/ui/widgets/place_map_widget.py                      64     33    48%   15, 126-137, 175-192, 203-227, 230-233
app/ui/widgets/place_search_select.py                  165     20    88%   49, 114-115, 120, 186-189, 202-212, 219
app/ui/widgets/recording_controls.py                    69      9    87%   65, 95-97, 106-114
app/ui/widgets/selectable_face_grid.py                  96     51    47%   73-92, 103-104, 111-113, 117-133, 136-145
app/ui/widgets/universal_search_bar.py                 299    147    51%   108, 111, 117, 120, 138, 150-159, 174-209, 213, 361-362, 374, 383, 390-401, 404-417, 424-428, 431-440, 447-473, 476-481, 484-491, 499-528, 533-534
app/updater/sparkle_bridge.py                           55     10    82%   62-63, 76-78, 92, 96, 106-108
app/utils/exif.py                                      161     44    73%   20, 32-34, 51, 57, 59-60, 102-107, 122-123, 127-129, 150-152, 165-166, 170-172, 195-197, 217, 239-252
app/utils/fuzzy_date.py                                143      5    97%   114, 134, 147, 151, 247
app/utils/image_metadata.py                            288     79    73%   152-155, 173-211, 228-229, 233-236, 249-251, 303-308, 315, 350, 368-377, 431-450, 483-484, 500-501, 508-518, 561-562, 565-571
app/utils/image_utils.py                               123     35    72%   58-59, 70, 75-76, 80-81, 106-114, 238-239, 244, 269-270, 273-275, 299-300, 302-305, 320-334
app/workers/deep_pipeline_worker.py                    423    305    28%   138, 154, 162-163, 170-175, 183-186, 189-191, 195-231, 239-240, 244-256, 261-402, 419-464, 478-542, 557-594, 610, 631, 635-637, 722-750, 753-754, 765-788, 792-808, 811-829, 835-848, 859-883, 886-899, 902-950, 954-973, 976-990, 993-1003, 1006-1016
app/workers/dependency_installer_worker.py              33     33     0%   17-74
app/workers/drive_image_worker.py                       93      8    91%   70-72, 90-91, 183-185
app/workers/geocoding_worker.py                         71      6    92%   84-86, 112-114
app/workers/manual_face_worker.py                       28     28     0%   15-60
app/workers/match_score_worker.py                       69     69     0%   19-153
app/workers/rerecognition_worker.py                    145     45    69%   74, 136-137, 140-141, 195-275
----------------------------------------------------------------------------------
TOTAL                                                43768  17151    61%

40 files skipped due to complete coverage.
Coverage XML written to file test-reports/linux-arm64/coverage.xml
Coverage JSON written to file test-reports/linux-arm64/coverage.json
=========================== short test summary info ============================
SKIPPED [1] tests/test_coral_detector.py:102: Coral Edge TPU unavailable
SKIPPED [1] tests/test_coral_detector.py:114: Coral Edge TPU unavailable
SKIPPED [1] tests/test_face_metadata_export_service.py:424: macOS Finder comment
=========== 1716 passed, 3 skipped, 63 warnings in 324.86s (0:05:24) ===========
